date,EUR,USD,PLN,TRY
2018-01-01,2675.2839,2230.1448,640.4797,588.4401
2018-01-02,2675.2839,2230.1448,642.5873,590.0494
2018-01-03,2675.2839,2230.1448,642.2942,590.5313
2018-01-04,2683.2230,2230.5627,645.7040,591.4482
2018-01-05,2683.2230,2231.5677,645.7195,594.5937
2018-01-06,2692.9460,2231.5677,648.0594,596.7483
2018-01-07,2688.1920,2231.4184,646.9153,595.6948
2018-01-08,2688.1920,2231.4184,645.2229,598.8799
2018-01-09,2675.4634,2231.4184,640.1396,596.6290
2018-01-10,2675.4634,2231.9657,639.8487,587.3943
2018-01-11,2678.5188,2232.2841,641.0240,586.7768
2018-01-12,2681.2319,2232.2841,642.6422,588.1571
2018-01-13,2681.2319,2233.1498,642.6422,588.1571
2018-01-14,2681.2319,2233.1498,642.6422,588.1571
2018-01-15,2681.2319,2233.1498,643.1972,577.3291
2018-01-16,2737.5119,2233.1498,656.2731,589.5109
2018-01-17,2737.5119,2233.5180,656.2731,586.7690
2018-01-18,2729.6601,2236.2345,655.1446,588.6186
2018-01-19,2729.6601,2236.2345,654.3437,586.3050
2018-01-20,2735.8743,2236.6524,655.8333,587.6397
2018-01-21,2741.1244,2236.3738,657.0919,588.7674
2018-01-22,2741.1244,2236.3738,657.2337,588.8306
2018-01-23,2741.1244,2236.3738,657.4070,592.0994
2018-01-24,2741.6261,2237.7867,659.6314,592.6174
2018-01-25,2741.6261,2237.7867,661.1266,590.7404
2018-01-26,2760.2231,2237.8066,666.3664,591.8780
2018-01-27,2776.6826,2237.9061,670.3401,595.4074
2018-01-28,2783.1444,2238.6922,671.9001,596.7931
2018-01-29,2783.1444,2238.6922,671.6730,595.2613
2018-01-30,2783.1444,2238.6922,671.4624,594.2699
2018-01-31,2772.1362,2238.7519,667.9363,593.1987
2018-02-01,2782.7507,2239.0007,669.8483,596.1717
2018-02-02,2789.4607,2239.0007,671.4958,596.1023
2018-02-03,2795.1826,2238.0255,672.8732,597.3251
2018-02-04,2795.1826,2238.0255,672.8732,597.3251
2018-02-05,2795.1826,2238.0255,672.1613,597.5932
2018-02-06,2795.1826,2238.5728,671.2090,599.2202
2018-02-07,2785.0107,2238.5728,669.5542,596.6048
2018-02-08,2765.4665,2240.5132,663.2609,592.1643
2018-02-09,2765.4665,2240.5132,659.9686,588.7729
2018-02-10,2748.6862,2241.8167,655.9641,585.2004
2018-02-11,2750.5975,2241.8167,656.4202,585.6073
2018-02-12,2750.5975,2241.8167,658.8573,589.6496
2018-02-13,2750.5975,2242.8814,658.3369,586.9193
2018-02-14,2770.1336,2246.7521,663.9981,590.2818
2018-02-15,2770.5412,2244.5332,667.0859,588.9005
2018-02-16,2797.5298,2243.9461,672.5316,597.9672
2018-02-17,2797.5298,2243.9461,672.5316,597.9672
2018-02-18,2796.0212,2243.7272,672.1690,597.6448
2018-02-19,2796.0212,2243.7272,674.3901,600.3266
2018-02-20,2796.0212,2243.7272,674.2762,600.4426
2018-02-21,2784.3286,2243.7968,669.4868,596.8550
2018-02-22,2770.3935,2243.6874,662.4724,593.8933
2018-02-23,2758.0601,2243.4187,661.4370,592.1761
2018-02-24,2758.0601,2243.4187,661.4370,592.1761
2018-02-25,2759.8875,2244.1750,661.8753,592.5684
2018-02-26,2759.8875,2244.1750,661.8911,592.5176
2018-02-27,2759.8875,2244.1750,662.3200,591.8822
2018-02-28,2764.2011,2244.7620,661.5929,595.0789
2018-03-01,2764.2011,2244.7620,660.4547,595.2840
2018-03-02,2730.8146,2244.8118,651.0620,581.0491
2018-03-03,2763.4635,2244.8914,658.8460,587.9960
2018-03-04,2763.4635,2244.8914,658.8460,587.9960
2018-03-05,2763.4635,2244.8914,659.3962,588.7351
2018-03-06,2763.4635,2244.8914,660.8785,587.8084
2018-03-07,2786.8134,2245.5282,664.4921,591.0276
2018-03-08,2786.8134,2245.5282,662.8641,588.8546
2018-03-09,2788.7699,2245.7471,663.7084,594.1264
2018-03-10,2761.3990,2245.6775,657.1943,588.2952
2018-03-11,2761.3990,2245.6775,657.1943,588.2952
2018-03-12,2761.3990,2245.6775,657.2725,584.8935
2018-03-13,2761.5080,2245.7670,655.6442,577.4556
2018-03-14,2761.5080,2245.7670,657.1420,576.2265
2018-03-15,2779.3111,2245.8168,659.8241,577.8554
2018-03-16,2779.3111,2245.8168,659.0262,577.2553
2018-03-17,2762.6292,2245.8765,655.0706,573.7905
2018-03-18,2762.6292,2246.8616,655.0706,573.7905
2018-03-19,2762.6292,2246.8616,655.1017,568.6294
2018-03-20,2762.6292,2246.8616,653.4591,572.7081
2018-03-21,2764.9278,2246.8118,652.6598,571.8332
2018-03-22,2760.7930,2248.3840,653.9529,570.7420
2018-03-23,2760.7930,2248.3840,653.2566,564.8104
2018-03-24,2768.7033,2248.3243,655.1283,566.4287
2018-03-25,2772.7465,2248.3243,656.0850,567.2558
2018-03-26,2772.7465,2248.3243,655.4956,560.5585
2018-03-27,2772.7465,2248.3243,657.1112,560.9554
2018-03-28,2789.1539,2248.6825,662.9478,562.7719
2018-03-29,2787.6199,2248.6029,662.0481,569.1808
2018-03-30,2787.6199,2249.2696,662.0481,569.1808
2018-03-31,2772.5627,2249.2696,658.4721,566.1064
2018-04-01,2772.5627,2249.2696,658.4721,566.1064
2018-04-02,2772.5627,2249.2696,658.4721,566.1064
2018-04-03,2772.5627,2249.2696,658.7694,566.2104
2018-04-04,2772.5627,2250.5134,659.5843,562.8198
2018-04-05,2760.1439,2250.5134,656.5362,557.1209
2018-04-06,2768.4601,2251.4189,659.4241,557.6626
2018-04-07,2758.7850,2251.9761,657.1195,555.7137
2018-04-08,2758.7850,2251.9761,657.1195,555.7137
2018-04-09,2758.7850,2251.9761,657.6051,551.5584
2018-04-10,2774.3636,2251.9761,661.6655,548.0549
2018-04-11,2781.6272,2252.0557,663.6353,536.6621
2018-04-12,2787.2183,2252.0557,666.0975,552.2197
2018-04-13,2787.2183,2252.7523,667.3894,552.8988
2018-04-14,2780.5494,2254.6926,665.7925,551.5759
2018-04-15,2780.5494,2256.2051,665.7925,551.5759
2018-04-16,2780.5494,2256.2051,667.9678,547.1799
2018-04-17,2780.5494,2256.2051,668.3692,548.0643
2018-04-18,2798.8272,2259.5783,671.2299,551.9281
2018-04-19,2795.8350,2263.1903,671.0433,560.9846
2018-04-20,2802.9960,2263.3993,672.5522,562.8167
2018-04-21,2802.9960,2263.3993,672.5522,562.8167
2018-04-22,2780.5943,2261.3794,667.1772,558.3186
2018-04-23,963.2318,2780.5943,229.9267,192.3425
2018-04-24,2768.5377,2262.2450,659.2384,553.8737
2018-04-25,2768.5377,2262.2450,655.4148,553.6190
2018-04-26,2760.4101,2261.8868,651.6549,557.3096
2018-04-27,2756.5417,2261.7774,653.8132,563.9175
2018-04-28,2733.7527,2262.3844,648.4079,559.2555
2018-04-29,2733.7527,2262.3844,648.4079,559.2555
2018-04-30,2733.7527,2262.3844,646.8277,559.0954
2018-05-01,2733.7527,2262.3844,646.8277,559.0954
2018-05-02,2733.5144,2262.3744,639.3438,548.7552
2018-05-03,2716.0606,2262.3446,637.1541,539.3290
2018-05-04,2716.0606,2262.3446,638.4271,532.9476
2018-05-05,2711.9891,2263.0610,637.4701,532.1486
2018-05-06,2705.2654,2263.0610,635.8897,530.8293
2018-05-07,2705.2654,2263.0610,635.9794,532.2497
2018-05-08,2698.8293,2263.9267,630.6855,530.1802
2018-05-09,2698.8293,2263.9267,632.6963,531.0147
2018-05-10,2691.9210,2264.1157,634.2438,533.8042
2018-05-11,2691.9210,2264.1854,632.1438,527.5690
2018-05-12,2706.4699,2264.5436,635.5603,530.4204
2018-05-13,2706.4699,2264.5436,635.5603,530.4204
2018-05-14,2706.4699,2264.5436,634.8894,523.0096
2018-05-15,2706.4699,2264.5436,631.8066,513.3766
2018-05-16,2682.7747,2264.6133,625.5158,514.1582
2018-05-17,2682.7747,2264.6133,625.3700,511.0339
2018-05-18,2668.4944,2264.7924,621.3025,506.2212
2018-05-19,2671.2463,2265.1108,621.9433,506.7432
2018-05-20,2663.4716,2265.2401,620.1331,505.2684
2018-05-21,2663.4716,2265.2401,617.4305,493.1259
2018-05-22,2663.8012,2265.6183,621.4832,486.9482
2018-05-23,2668.5367,2265.5984,619.3225,467.4590
2018-05-24,2651.5135,2265.6680,616.1868,475.1476
2018-05-25,2658.5138,2265.6481,616.9677,482.0252
2018-05-26,2658.5138,2265.6481,616.9677,482.0252
2018-05-27,2644.5098,2265.5884,613.7178,479.4861
2018-05-28,2644.5098,2265.5884,614.2452,494.4673
2018-05-29,2631.3936,2265.6083,610.3905,493.3246
2018-05-30,2631.3936,2265.6083,610.0368,507.8146
2018-05-31,2633.2378,2265.5387,611.5560,500.3492
2018-06-01,2633.2378,2265.5884,610.0824,487.7179
2018-06-02,2644.6817,2265.6382,612.7338,489.8375
2018-06-03,2644.6817,2265.6382,612.7338,489.8375
2018-06-04,2644.6817,2265.6382,617.2241,488.0117
2018-06-05,2644.6817,2265.7576,616.6772,491.0563
2018-06-06,2654.6754,2265.7675,620.9331,490.8975
2018-06-07,2644.1530,2265.7675,620.6495,499.7454
2018-06-08,2676.4617,2262.9117,625.4438,506.9248
2018-06-09,2676.4617,2262.9117,625.4438,506.9248
2018-06-10,2660.6863,2263.1605,621.7574,503.9369
2018-06-11,2660.6863,2263.1605,623.5643,499.2281
2018-06-12,2668.0539,2263.1704,624.0478,496.2713
2018-06-13,2669.1198,2263.1704,624.1219,488.8229
2018-06-14,2669.1198,2263.6779,625.5114,491.9946
2018-06-15,2665.4819,2263.6779,622.6743,487.5495
2018-06-16,2644.9078,2264.4740,617.8681,483.7862
2018-06-17,2644.9078,2264.4740,617.8681,483.7862
2018-06-18,2644.9078,2264.4740,616.8737,482.4625
2018-06-19,2627.1575,2264.6929,608.9418,477.9170
2018-06-20,2617.0848,2264.8919,606.4805,476.3272
2018-06-21,2625.8181,2265.5884,607.0414,479.5664
2018-06-22,2625.8181,2265.5884,608.5608,480.5758
2018-06-23,2616.0104,2265.6282,606.2878,478.7808
2018-06-24,2639.9744,2265.8770,611.8417,483.1667
2018-06-25,2639.9744,2265.8770,608.7098,483.8929
2018-06-26,2639.9744,2265.8770,608.1489,488.4048
2018-06-27,2648.0807,2266.4143,610.6775,493.1249
2018-06-28,2629.6655,2266.4641,602.7058,493.3244
2018-06-29,2629.6655,2266.4641,601.3138,492.5851
2018-06-30,2639.7928,2266.4342,603.6296,494.4821
2018-07-01,2639.7928,2266.6929,603.6296,494.4821
2018-07-02,2639.7928,2266.6929,601.4154,491.1882
2018-07-03,2636.6549,2266.3347,600.3996,484.2875
2018-07-04,2636.6549,2266.3347,602.1135,482.0915
2018-07-05,2637.2986,2266.1456,605.2043,488.3705
2018-07-06,2652.4201,2265.8173,607.3086,490.8435
2018-07-07,2652.4201,2265.3795,607.3086,490.8435
2018-07-08,2663.5301,2265.2899,609.8523,492.8995
2018-07-09,2663.5301,2265.2899,616.5008,500.0808
2018-07-10,2667.1256,2265.2899,617.2759,484.3595
2018-07-11,2667.1256,2265.1705,617.1902,475.3980
2018-07-12,2653.8643,2265.6581,613.2983,470.8439
2018-07-13,2661.2431,2266.3646,615.8859,471.2917
2018-07-14,2646.8894,2266.4740,612.5641,468.7498
2018-07-15,2638.2919,2266.4740,610.5744,467.2272
2018-07-16,2638.2919,2266.4740,613.3708,463.7287
2018-07-17,2638.2919,2266.4740,613.4564,466.0223
2018-07-18,2654.4333,2267.6780,615.8349,472.9840
2018-07-19,2651.0246,2266.3148,612.5288,473.7610
2018-07-20,2636.6084,2267.6581,609.9166,471.8424
2018-07-21,2658.2267,2269.3696,614.9175,475.7112
2018-07-22,2658.2267,2269.3696,614.9175,475.7112
2018-07-23,2658.2267,2269.3696,615.3303,477.8920
2018-07-24,2658.6049,2270.1756,615.7171,465.9805
2018-07-25,2658.6049,2270.1756,618.3377,470.0254
2018-07-26,2654.9480,2270.5438,619.8081,470.2852
2018-07-27,2654.9851,2270.6731,618.6181,468.0037
2018-07-28,2643.7244,2270.7527,615.9943,466.0188
2018-07-29,2643.7244,2270.7527,615.9943,466.0188
2018-07-30,2643.7244,2270.7527,618.0825,463.1775
2018-07-31,2643.7244,2271.3299,618.1259,461.2300
2018-08-01,2662.1079,2272.6831,623.1526,461.7386
2018-08-02,2657.1790,2273.6185,620.5462,452.5169
2018-08-03,2657.1790,2273.6185,623.5753,450.6902
2018-08-04,2642.5299,2273.0214,620.1375,448.2055
2018-08-05,2635.6837,2273.0214,618.5309,447.0443
2018-08-06,2635.6837,2273.0214,616.8083,442.0286
2018-08-07,2635.6837,2273.0214,619.8254,428.9291
2018-08-08,2637.9640,2273.4195,619.2840,430.6388
2018-08-09,2637.9640,2273.4195,617.2264,421.1376
2018-08-10,2635.1309,2273.4195,614.0922,380.2004
2018-08-11,2595.0865,2272.7030,604.7602,374.4227
2018-08-12,2595.0865,2272.7030,604.7602,374.4227
2018-08-13,2595.0865,2272.7030,604.0001,329.9496
2018-08-14,2595.0865,2272.9418,603.6067,349.3513
2018-08-15,2589.7598,2272.7130,598.3180,373.2987
2018-08-16,2589.7598,2272.7130,600.2874,390.2121
2018-08-17,2571.5233,2273.4692,596.4336,365.8865
2018-08-18,2588.9363,2273.4891,600.4723,368.3641
2018-08-19,2591.5737,2273.4095,601.0840,368.7393
2018-08-20,2591.5737,2273.4095,602.1734,370.9508
2018-08-21,2600.5558,2274.3050,603.6433,368.0535
2018-08-22,2600.5558,2274.3050,607.3085,371.1315
2018-08-23,2617.3371,2274.0662,611.7847,372.4527
2018-08-24,2629.5979,2274.2453,614.5643,374.5653
2018-08-25,2629.5979,2274.2453,614.5643,374.5653
2018-08-26,2636.6294,2274.4245,616.2077,375.5668
2018-08-27,2636.6294,2274.4245,617.3330,365.7819
2018-08-28,2636.6294,2274.4245,617.1452,359.6254
2018-08-29,2664.7703,2274.5538,622.0576,354.1882
2018-08-30,2664.7703,2274.6633,621.4193,339.2019
2018-08-31,2656.2776,2274.7926,618.9914,347.7440
2018-09-01,2647.4839,2274.9120,616.9422,346.5928
2018-09-02,2647.4839,2275.3499,616.9422,346.5928
2018-09-03,2647.4839,2275.3499,616.3820,343.3653
2018-09-04,2641.8059,2275.2603,613.7169,342.2560
2018-09-05,2641.8059,2275.5389,610.8363,342.0256
2018-09-06,2637.5844,2275.5389,610.7923,345.7676
2018-09-07,2637.5844,2275.2503,612.2384,352.7503
2018-09-08,2634.8392,2275.6285,611.6012,352.3831
2018-09-09,2634.8392,2275.6285,611.6012,352.3831
2018-09-10,2634.8392,2275.6285,610.3545,352.4256
2018-09-11,2634.8392,2275.6285,611.4167,351.5322
2018-09-12,2638.6050,2275.9668,612.2195,357.6266
2018-09-13,2639.1033,2276.1658,612.3494,366.1963
2018-09-14,2657.9863,2276.3549,617.4328,371.8816
2018-09-15,2658.3748,2276.3947,617.5230,371.9359
2018-09-16,2658.3748,2276.3947,617.5230,371.9359
2018-09-17,2658.3748,2276.3947,618.8744,362.5122
2018-09-18,2658.3748,2276.3947,618.1117,354.1997
2018-09-19,2657.6472,2276.4544,618.7626,362.8881
2018-09-20,2662.2373,2276.4842,620.2067,358.2128
2018-09-21,2654.6916,2276.0663,618.1464,359.0575
2018-09-22,2671.7366,2276.3350,622.1154,361.3629
2018-09-23,2671.7366,2276.3350,622.1154,361.3629
2018-09-24,2671.7366,2276.3350,621.2041,365.5256
2018-09-25,2685.9972,2276.3648,625.6690,371.3891
2018-09-26,2685.9972,2276.4842,627.1884,373.9901
2018-09-27,2670.6732,2276.5937,624.2954,379.2762
2018-09-28,2670.6732,2276.5937,624.3684,383.4420
2018-09-29,2660.1881,2277.4594,621.9171,381.9366
2018-09-30,2638.4206,2277.0514,616.8281,378.8113
2018-10-01,2638.4206,2277.0514,616.5110,381.9370
2018-10-02,2638.4206,2277.0514,614.9161,380.0718
2018-10-03,2626.8635,2276.9817,611.5242,374.9555
2018-10-04,2625.7824,2277.0016,609.6405,372.3194
2018-10-05,2625.7824,2277.6982,610.0087,370.0213
2018-10-06,2625.3659,2277.4793,609.9119,369.9626
2018-10-07,2625.3659,2277.4793,609.9119,369.9626
2018-10-08,2625.3659,2277.4793,609.4023,372.7413
2018-10-09,2611.1543,2277.4793,605.0641,372.0494
2018-10-10,2611.1543,2277.6982,605.8925,373.6305
2018-10-11,2623.0568,2277.9867,607.6533,377.9566
2018-10-12,2623.0568,2278.1559,610.9225,385.6302
2018-10-13,2634.9174,2278.1559,613.6849,387.3739
2018-10-14,2632.7809,2278.5738,613.1873,387.0598
2018-10-15,2632.7809,2278.5738,613.1016,393.7752
2018-10-16,2644.2721,2279.1509,616.5242,394.2556
2018-10-17,2647.0034,2280.4246,616.4423,402.1701
2018-10-18,2628.9849,2279.8276,611.5483,409.5630
2018-10-19,2628.9849,2279.8276,611.1502,407.3167
2018-10-20,2612.5355,2279.2007,607.3263,404.7681
2018-10-21,2612.5355,2279.2007,607.3263,404.7681
2018-10-22,2612.5355,2279.2007,608.9117,401.3728
2018-10-23,2612.5355,2279.2007,608.1321,394.4819
2018-10-24,2615.5537,2278.7529,607.5195,402.4486
2018-10-25,2615.5537,2278.7529,606.9415,405.8520
2018-10-26,2595.7762,2278.7927,601.1942,405.9135
2018-10-27,2601.7454,2278.8325,602.5767,406.8469
2018-10-28,2587.3759,2278.9221,599.2487,404.5999
2018-10-29,2587.3759,2278.9221,599.1793,410.0112
2018-10-30,2594.6642,2279.6186,599.1327,414.3970
2018-10-31,2594.6642,2279.4793,597.9591,416.7800
2018-11-01,2583.2543,2279.4793,597.0220,408.4519
2018-11-02,2596.8543,2279.4395,601.0959,415.2376
2018-11-03,2596.8543,2279.4395,601.0959,415.2376
2018-11-04,2604.4660,2279.4196,602.8577,416.4547
2018-11-05,2604.4660,2279.4196,603.9201,421.5506
2018-11-06,2604.4660,2279.4296,604.4527,425.2467
2018-11-07,2591.5980,2279.4296,603.5394,422.3802
2018-11-08,2618.8147,2279.4893,610.2329,422.8942
2018-11-09,2604.4196,2279.4793,607.3740,418.3067
2018-11-10,2586.8822,2279.4793,603.2841,415.4900
2018-11-11,2586.8822,2279.2902,603.2841,415.4900
2018-11-12,2586.8822,2279.2902,602.0485,422.1276
2018-11-13,2568.8782,2279.1907,597.5247,415.2930
2018-11-14,2568.8782,2279.1907,598.6526,416.1812
2018-11-15,2566.0608,2279.3201,597.6896,420.3418
2018-11-16,2577.3971,2279.4694,597.2557,424.2350
2018-11-17,2595.2399,2278.8226,601.3903,427.1719
2018-11-18,2595.2399,2278.8226,601.3903,427.1719
2018-11-19,2595.2399,2278.8226,599.4595,427.3055
2018-11-20,2595.2399,2278.8226,601.0700,424.0380
2018-11-21,2606.3593,2279.2803,606.2006,428.0580
2018-11-22,2606.3593,2279.2803,606.0737,431.9742
2018-11-23,2599.7349,2279.5689,605.3074,433.3469
2018-11-24,2588.1635,2278.7131,602.6132,431.4181
2018-11-25,2588.1635,2278.7131,602.6132,431.4181
2018-11-26,2588.1635,2278.7131,603.0204,435.2854
2018-11-27,2588.1635,2278.7131,603.2734,436.3569
2018-11-28,2588.6596,2279.4495,602.6726,436.7719
2018-11-29,2582.9556,2278.8126,601.8631,439.6745
2018-11-30,2593.2457,2278.8126,604.4862,441.3810
2018-12-01,2593.2457,2278.7728,604.4862,441.3810
2018-12-02,2590.3512,2278.8325,603.8115,440.8883
2018-12-03,2590.3512,2278.8325,605.0950,435.6460
2018-12-04,2590.3512,2278.8325,604.8972,424.4042
2018-12-05,2598.0711,2280.2753,606.6574,429.7671
2018-12-06,2598.0711,2279.0912,605.8793,426.2837
2018-12-07,2587.6813,2279.0912,603.2594,426.8763
2018-12-08,2589.0473,2279.2405,603.5779,427.1016
2018-12-09,2592.2970,2279.2405,604.3355,427.6377
2018-12-10,2592.2970,2279.2405,603.9694,428.4859
2018-12-11,2592.2970,2280.1659,603.0982,422.9214
2018-12-12,2604.9761,2280.1659,606.0057,427.7957
2018-12-13,2593.6734,2279.3500,604.2338,425.4155
2018-12-14,2587.7365,2279.4395,602.1633,425.6216
2018-12-15,2572.6900,2279.5390,598.6620,423.1468
2018-12-16,2572.6900,2279.5390,598.6620,423.1468
2018-12-17,2572.6900,2279.5390,600.6046,422.0430
2018-12-18,2586.2087,2279.5390,603.5775,425.4892
2018-12-19,2593.3634,2279.5788,605.4592,426.1195
2018-12-20,2600.2547,2280.4246,606.4593,431.0839
2018-12-21,2600.2547,2280.4246,606.8131,429.4676
2018-12-22,2612.3073,2280.4943,609.6257,431.4583
2018-12-23,2601.7395,2280.0266,607.1596,429.7129
2018-12-24,2601.7395,2280.0266,607.2021,430.1818
2018-12-25,2599.9711,2280.4744,606.7894,429.8894
2018-12-26,2599.9711,2280.4744,606.7894,429.8894
2018-12-27,2599.9711,2280.4744,605.4188,432.8452
2018-12-28,2599.9711,2280.4744,604.2510,430.4588
2018-12-29,2615.0915,2280.7729,607.7651,432.9622
2018-12-30,2615.0915,2281.2306,607.7651,432.9622
2018-12-31,2615.0915,2281.2306,607.9629,431.6187
2019-01-01,2615.0915,2281.2007,607.9629,431.6187
2019-01-02,2613.2301,2281.2007,608.2372,427.4873
2019-01-03,2613.2301,2281.2007,608.0815,419.8095
2019-01-04,2588.9906,2281.5490,602.6935,419.5619
2019-01-05,2588.9906,2281.3699,602.6935,419.5619
2019-01-06,2602.1316,2281.3699,605.7526,421.6915
2019-01-07,2602.1316,2281.3699,606.4444,424.3182
2019-01-08,2602.1316,2281.5192,604.3738,414.0159
2019-01-09,2611.4291,2281.6087,607.7614,411.9038
2019-01-10,2613.1280,2281.6087,608.2842,416.7070
2019-01-11,2613.1280,2281.7082,608.0860,414.6243
2019-01-12,2632.1350,2281.6684,612.5090,417.6401
2019-01-13,2632.1247,2281.7580,612.5066,417.6385
2019-01-14,2632.1247,2281.7580,613.1915,416.2054
2019-01-15,2632.1247,2281.7580,613.1201,422.6276
2019-01-16,2608.5620,2282.7033,608.3826,426.4726
2019-01-17,2608.5620,2282.7033,608.9791,426.0964
2019-01-18,2601.4048,2282.8326,605.9502,425.8246
2019-01-19,2601.4048,2282.8326,605.9502,425.8246
2019-01-20,2603.9704,2282.8824,606.5478,426.2445
2019-01-21,2603.9704,2282.8824,606.8305,429.2235
2019-01-22,2594.1879,2282.8326,605.7365,427.0268
2019-01-23,2594.1879,2282.9122,604.8891,429.9213
2019-01-24,2595.6594,2283.0018,605.3169,433.3683
2019-01-25,2590.2141,2283.0316,603.6388,433.1027
2019-01-26,2590.0107,2283.0515,603.5914,433.0687
2019-01-27,2590.0107,2283.0515,603.5914,433.0687
2019-01-28,2590.0107,2283.0515,604.2814,427.8605
2019-01-29,2607.3381,2283.2306,606.6963,429.7928
2019-01-30,2607.6676,2283.4197,607.7771,432.5351
2019-01-31,2608.6150,2283.4496,610.4022,437.0345
2019-02-01,2623.5478,2283.5292,613.8533,438.1050
2019-02-02,2618.9345,2283.5889,612.7739,437.3346
2019-02-03,2618.9345,2283.5889,612.7739,437.3346
2019-02-04,2618.9345,2283.5889,611.6719,438.7266
2019-02-05,2618.9345,2283.6187,610.8729,440.5717
2019-02-06,2613.4880,2283.6187,608.8782,439.8997
2019-02-07,2607.9278,2283.6486,606.1847,436.7949
2019-02-08,2589.3046,2283.6784,601.2689,435.2650
2019-02-09,2590.8550,2283.7381,601.6290,435.5257
2019-02-10,2590.8550,2283.7978,601.6290,435.5257
2019-02-11,2590.8550,2283.7978,600.3186,434.7948
2019-02-12,2582.2126,2283.7978,596.9192,434.9722
2019-02-13,2582.2126,2283.8277,596.5606,434.8404
2019-02-14,2581.5623,2283.7580,595.0768,430.8924
2019-02-15,2573.6028,2283.7879,594.2695,433.8361
2019-02-16,2571.4786,2283.8277,593.7790,433.4781
2019-02-17,2571.4786,2283.8277,593.7790,433.4781
2019-02-18,2571.4786,2283.8277,593.9847,428.0162
2019-02-19,2586.0243,2283.8675,596.5867,431.3132
2019-02-20,2586.0243,2283.8675,595.2409,429.6435
2019-02-21,2595.0113,2288.0666,598.6738,429.3391
2019-02-22,2599.1063,2288.9522,599.2867,430.4724
2019-02-23,2599.1063,2288.9522,599.2867,430.4724
2019-02-24,2595.5940,2288.9820,598.4768,429.8907
2019-02-25,2595.5940,2288.9820,598.6149,430.2969
2019-02-26,2595.5940,2288.9820,599.6936,430.7754
2019-02-27,2599.0930,2289.0119,602.3949,431.3346
2019-02-28,2605.7907,2289.0119,604.7462,429.4386
2019-03-01,2612.1178,2288.9920,606.1161,426.6075
2019-03-02,2612.1178,2289.0218,606.1161,426.6075
2019-03-03,2605.7681,2288.9721,604.6427,425.5705
2019-03-04,2605.7681,2288.9721,606.1476,427.0141
2019-03-05,2605.7681,2288.9323,605.7672,426.9721
2019-03-06,2594.8509,2288.9024,603.5098,423.6699
2019-03-07,2587.2412,2288.9024,601.8100,422.9522
2019-03-08,2587.2412,2288.8626,601.6560,422.1517
2019-03-09,2588.4770,2288.8626,601.9434,422.3534
2019-03-10,2567.6249,2288.8427,597.0943,418.9510
2019-03-11,2567.6249,2288.8427,597.2054,419.7043
2019-03-12,2567.6249,2288.8129,597.2054,417.2557
2019-03-13,2572.9696,2288.8129,598.4624,416.5336
2019-03-14,2578.4190,2288.7731,599.1864,416.9365
2019-03-15,2586.6372,2288.7532,600.8588,418.1573
2019-03-16,2587.0388,2288.7034,600.9521,418.2222
2019-03-17,2588.2970,2288.7034,601.2444,418.4256
2019-03-18,2588.2970,2288.7034,602.2236,417.6154
2019-03-19,2597.1602,2288.9522,605.6951,417.6103
2019-03-20,2597.1602,2288.9522,606.3315,417.8723
2019-03-21,2599.9567,2289.4995,607.3672,418.2685
2019-03-22,2599.9567,2289.4995,605.8669,412.8291
2019-03-23,2606.2863,2289.5293,607.3419,413.8342
2019-03-24,2586.4723,2289.5194,602.7247,410.6881
2019-03-25,2586.4723,2289.5194,602.1634,407.8001
2019-03-26,2589.0833,2289.4995,603.0380,414.8906
2019-03-27,2587.3993,2289.5293,602.6177,415.1796
2019-03-28,2587.3993,2289.5293,602.4213,408.0557
2019-03-29,2570.6523,2289.5094,597.7427,405.1717
2019-03-30,2572.1187,2289.4995,598.0837,405.4028
2019-03-31,2572.1187,2289.4796,598.0837,405.4028
2019-04-01,2572.1187,2289.4796,598.3063,413.9565
2019-04-02,2572.1187,2289.4796,598.8217,413.9165
2019-04-03,2566.5523,2289.5194,597.8459,407.2987
2019-04-04,2566.5523,2289.5592,598.3755,405.9074
2019-04-05,2571.7490,2289.5592,599.5172,409.1558
2019-04-06,2570.0536,2289.5492,599.1220,408.8861
2019-04-07,2570.0536,2289.5791,599.1220,408.8861
2019-04-08,2570.0536,2289.5791,599.2617,402.9497
2019-04-09,2570.0536,2289.5393,599.4993,401.2198
2019-04-10,2578.2524,2289.5393,601.9313,401.9476
2019-04-11,2582.0172,2289.5293,602.8525,398.9273
2019-04-12,2581.9494,2289.5691,603.3156,395.0955
2019-04-13,2591.7382,2289.5194,605.6029,396.5935
2019-04-14,2591.7382,2289.5194,605.6029,396.5935
2019-04-15,2591.7382,2289.5194,606.3680,394.8593
2019-04-16,2589.5851,2289.5393,605.8359,394.0450
2019-04-17,2589.5851,2289.5393,606.0202,398.6001
2019-04-18,2587.8797,2289.5492,604.8426,395.1806
2019-04-19,2574.4417,2289.5094,601.7019,393.1286
2019-04-20,2574.4417,2289.5094,601.7019,393.1286
2019-04-21,2574.4417,2289.5094,601.7019,393.1286
2019-04-22,2574.4417,2289.5094,601.7019,393.1286
2019-04-23,2574.4417,2289.5094,600.6070,393.7057
2019-04-24,2574.4417,2289.5094,600.1589,390.7478
2019-04-25,2566.4830,2289.5592,597.5513,387.3644
2019-04-26,2549.3545,2289.5990,594.5600,384.8547
2019-04-27,2549.3545,2289.5990,594.5600,384.8547
2019-04-28,2549.3545,2289.5990,594.5600,384.8547
2019-04-29,2549.3545,2289.5990,593.6463,385.0582
2019-04-30,2549.3545,2289.5293,594.6987,380.9954
2019-05-01,2554.0861,2289.3900,595.8025,381.7025
2019-05-02,2569.4974,2289.3900,600.3499,384.2411
2019-05-03,2564.1514,2289.4199,598.3598,384.7535
2019-05-04,2553.9389,2289.4995,595.9767,383.2211
2019-05-05,2553.9389,2289.4995,595.9767,383.2211
2019-05-06,2553.9389,2289.4995,596.2689,378.7597
2019-05-07,2553.9389,2289.4597,595.8515,371.4766
2019-05-08,2560.6467,2289.4597,596.7204,369.6510
2019-05-09,2562.8000,2288.0367,596.9162,367.5583
2019-05-10,2561.2227,2287.9074,596.1878,372.0706
2019-05-11,2571.9274,2287.5790,598.6796,373.6257
2019-05-12,2571.9274,2287.5790,598.6796,373.6257
2019-05-13,2571.9274,2287.5790,597.4557,374.4744
2019-05-14,2576.0515,2287.7880,598.2331,380.3301
2019-05-15,2576.0515,2287.7880,597.7750,380.0607
2019-05-16,2563.6102,2288.0168,596.7157,379.8898
2019-05-17,2563.4987,2287.9173,595.7330,378.8851
2019-05-18,2552.9125,2284.8924,593.2729,377.3205
2019-05-19,2552.9125,2284.8924,593.2729,377.3205
2019-05-20,2552.9125,2284.8924,594.1427,379.2487
2019-05-21,2552.9125,2284.8924,592.8733,378.2933
2019-05-22,2552.9076,2287.8576,593.1752,374.8213
2019-05-23,2552.9076,2287.8576,592.8171,373.7348
2019-05-24,2544.0374,2288.3153,591.9946,374.1892
2019-05-25,2544.0374,2288.3153,591.9946,374.1892
2019-05-26,2560.8749,2287.3103,595.9126,376.6657
2019-05-27,2560.8749,2287.3103,596.4539,378.4358
2019-05-28,2562.0845,2288.4945,596.5134,379.3995
2019-05-29,2561.3780,2288.4945,595.6970,381.4981
2019-05-30,2550.3116,2288.5044,594.6584,388.8263
2019-05-31,2548.1923,2288.5044,594.7745,390.4079
2019-06-01,2548.1923,2288.5542,594.7745,390.4079
2019-06-02,2553.2704,2288.5940,595.9598,391.1859
2019-06-03,2553.2704,2288.5940,596.0989,387.9466
2019-06-04,2561.9621,2288.7930,598.5613,392.3673
2019-06-05,2570.7601,2288.8825,600.9538,399.5338
2019-06-06,2570.7601,2288.8825,600.8133,395.4164
2019-06-07,2570.7601,2288.8825,601.8542,390.3252
2019-06-08,2570.7601,2288.8825,601.8542,390.3252
2019-06-09,2589.9224,2288.0168,606.3404,393.2347
2019-06-10,2589.9224,2288.0168,607.4069,395.3416
2019-06-11,2589.9224,2288.0168,606.8519,393.8926
2019-06-12,2590.8998,2289.0815,608.0782,395.2555
2019-06-13,2590.8998,2289.0815,608.5639,390.5310
2019-06-14,2582.4438,2289.4995,607.1481,388.7642
2019-06-15,2572.5142,2289.6288,604.8136,387.2694
2019-06-16,2572.5142,2289.6288,604.8136,387.2694
2019-06-17,2572.5142,2289.6288,603.8057,390.0704
2019-06-18,2572.5142,2289.6288,603.9900,393.8325
2019-06-19,2573.0018,2289.3502,603.0002,392.1183
2019-06-20,2565.6042,2289.4895,602.8772,392.9491
2019-06-21,2565.6042,2289.4895,602.4808,389.8739
2019-06-22,2592.0810,2289.5194,608.6983,393.8974
2019-06-23,2592.0810,2289.5194,608.6983,393.8974
2019-06-24,2592.0810,2289.5194,609.2563,392.4422
2019-06-25,2592.0810,2289.5194,608.9987,394.4848
2019-06-26,2609.1860,2289.3601,612.0970,398.3490
2019-06-27,2609.1860,2289.3601,613.7095,397.9055
2019-06-28,2600.6221,2289.5094,611.9687,396.1042
2019-06-29,2602.4876,2289.5592,612.4077,396.3883
2019-06-30,2605.5206,2289.5592,613.1214,396.8503
2019-07-01,2605.5206,2289.5592,614.1185,405.3897
2019-07-02,2599.7956,2289.5592,612.7402,406.9111
2019-07-03,2599.7956,2289.5592,612.7547,408.2465
2019-07-04,2586.5283,2288.9621,609.4697,409.0213
2019-07-05,2583.3586,2288.9124,608.5794,409.1801
2019-07-06,2572.7622,2288.9124,606.0831,407.5017
2019-07-07,2572.7622,2288.9323,606.0831,407.5017
2019-07-08,2572.7622,2288.9323,604.9288,400.0936
2019-07-09,2568.2256,2289.0716,602.4456,402.2721
2019-07-10,2568.2256,2289.0716,600.9232,398.8052
2019-07-11,2576.0185,2289.0815,603.5516,403.0256
2019-07-12,2580.8295,2288.9820,604.7638,401.1798
2019-07-13,2580.8295,2288.9820,604.7638,401.1798
2019-07-14,2574.1691,2288.9621,603.2031,400.1444
2019-07-15,2574.1691,2288.9621,603.9531,400.5990
2019-07-16,2578.8703,2289.0716,606.0088,402.9359
2019-07-17,2567.9386,2289.1213,602.2229,402.5171
2019-07-18,2567.9386,2289.1213,602.8591,402.1704
2019-07-19,2568.3071,2289.0417,603.2997,405.3771
2019-07-20,2568.3071,2289.0417,603.2997,405.3771
2019-07-21,2568.5025,2289.0119,603.3456,405.4079
2019-07-22,2568.5025,2289.0119,604.6381,403.0794
2019-07-23,2567.1737,2289.0517,604.0835,404.0630
2019-07-24,2567.1737,2289.0517,603.3736,402.2522
2019-07-25,2551.7746,2289.2009,600.8134,404.9729
2019-07-26,2544.9621,2288.9422,596.4289,406.4591
2019-07-27,2550.2669,2288.9422,597.6721,407.3063
2019-07-28,2550.2669,2289.0815,597.6721,407.3063
2019-07-29,2550.2669,2289.0815,595.7732,407.6514
2019-07-30,2545.4499,2289.0716,593.1790,410.5233
2019-07-31,2545.4499,2289.1711,593.1790,413.1553
2019-08-01,2552.8526,2289.1412,593.9767,414.9900
2019-08-02,2527.1044,2289.0417,587.5074,406.1498
2019-08-03,2527.1044,2289.0417,587.5074,406.1498
2019-08-04,2541.4400,2289.1711,590.8402,408.4537
2019-08-05,2541.4400,2289.1711,589.0872,409.9758
2019-08-06,2558.3369,2289.0318,593.3201,413.2615
2019-08-07,2560.1904,2289.0517,592.9936,415.5209
2019-08-08,2560.1904,2289.0517,592.2665,417.1933
2019-08-09,2563.5917,2289.0218,593.5477,417.1698
2019-08-10,2563.5917,2289.0218,593.5477,417.1698
2019-08-11,2563.7847,2289.0915,593.5923,417.2012
2019-08-12,2563.7847,2289.0915,592.4401,412.4426
2019-08-13,2563.7847,2289.0915,591.1152,406.0412
2019-08-14,2563.7847,2289.0915,586.4100,409.4456
2019-08-15,2567.1291,2289.0119,585.0606,411.9534
2019-08-16,2549.5037,2289.0119,587.7005,414.2638
2019-08-17,2534.6337,2288.8129,584.2728,411.8476
2019-08-18,2534.6337,2288.8129,584.2728,411.8476
2019-08-19,2534.6337,2288.8129,579.9812,407.6219
2019-08-20,2534.6337,2288.8129,581.9787,400.2390
2019-08-21,2540.9052,2288.7930,583.7270,400.3821
2019-08-22,2540.9049,2289.1014,582.2022,397.7933
2019-08-23,2540.9049,2289.1014,583.4454,398.1673
2019-08-24,2536.9634,2289.1611,582.5404,397.5497
2019-08-25,2533.0938,2289.1810,581.6518,396.9433
2019-08-26,2533.0938,2289.1810,580.6918,391.8650
2019-08-27,2543.2161,2289.1810,582.0249,393.0782
2019-08-28,2543.2161,2289.1213,579.6636,395.8313
2019-08-29,2542.7835,2289.3502,580.4249,393.6563
2019-08-30,2537.3884,2289.4000,579.1537,393.8943
2019-08-31,2526.7691,2289.3601,576.7299,392.2458
2019-09-01,2526.7691,2289.3601,576.7299,392.2458
2019-09-02,2526.7691,2289.3601,578.3271,396.2813
2019-09-03,2526.7691,2289.3601,578.6980,401.4759
2019-09-04,2504.4970,2289.3402,577.1395,400.8350
2019-09-05,2504.4970,2289.3203,577.0863,398.5831
2019-09-06,2531.4986,2289.3203,583.3753,402.6240
2019-09-07,2531.4986,2289.1114,583.3753,402.6240
2019-09-08,2527.4102,2289.1114,582.4331,401.9738
2019-09-09,2527.4102,2289.1114,583.2261,400.0586
2019-09-10,2525.8407,2289.1412,582.8101,396.2973
2019-09-11,2526.3974,2289.2308,582.9924,398.8944
2019-09-12,2526.3974,2289.2308,583.4097,406.9911
2019-09-13,2508.1816,2289.3203,579.9532,398.8077
2019-09-14,2536.7151,2289.3502,586.5508,403.3446
2019-09-15,2536.7151,2289.3502,586.5508,403.3446
2019-09-16,2536.7151,2289.3502,586.6458,402.3913
2019-09-17,2536.7151,2289.3502,584.2812,402.2382
2019-09-18,2523.4928,2289.4000,581.8522,402.7086
2019-09-19,2525.1272,2289.4298,582.0143,400.6676
2019-09-20,2531.5018,2289.4995,580.9528,402.5029
2019-09-21,2523.5915,2289.4895,579.1375,401.2452
2019-09-22,2523.5915,2289.4895,579.1375,401.2452
2019-09-23,2523.5915,2289.4895,575.8995,401.6603
2019-09-24,2516.1392,2289.4796,574.2906,402.2412
2019-09-25,2519.7201,2289.4796,573.7721,402.5241
2019-09-26,2515.1917,2289.5094,573.3153,406.3380
2019-09-27,2515.1917,2289.4298,573.3938,406.3643
2019-09-28,2505.8982,2289.4298,571.2751,404.8628
2019-09-29,2504.6265,2289.4199,570.9852,404.6573
2019-09-30,2504.6265,2289.4199,572.0676,407.3159
2019-10-01,2495.2084,2289.3900,570.0207,402.5893
2019-10-02,2495.2084,2289.3900,571.0120,398.6274
2019-10-03,2502.3748,2289.3502,576.5841,400.7134
2019-10-04,2502.3748,2289.3303,578.6507,400.3479
2019-10-05,2509.8605,2289.3303,580.3817,401.5456
2019-10-06,2509.8605,2289.3900,580.3817,401.5456
2019-10-07,2509.8605,2289.3900,579.4170,397.7592
2019-10-08,2509.8605,2289.3900,579.2966,391.4318
2019-10-09,2515.8612,2289.3303,581.8904,392.7780
2019-10-10,2512.1172,2289.3601,581.7375,386.8605
2019-10-11,2512.1172,2289.3601,583.4399,388.1936
2019-10-12,2528.9862,2289.4000,587.3577,390.8003
2019-10-13,2528.9862,2289.4000,587.3577,390.8003
2019-10-14,2528.9862,2289.4000,589.0816,386.5533
2019-10-15,2528.9862,2289.4000,588.7388,391.0118
2019-10-16,2528.9862,2289.4000,588.7525,388.6204
2019-10-17,2519.9218,2289.3800,588.0112,384.5448
2019-10-18,2545.1725,2289.4398,594.0696,394.9249
2019-10-19,2551.8994,2289.5194,595.6398,395.9687
2019-10-20,2551.8994,2289.5194,595.6398,395.9687
2019-10-21,2551.8994,2289.5194,596.4054,392.3162
2019-10-22,2551.8994,2289.5194,596.5448,393.2230
2019-10-23,2555.3793,2289.5592,597.2466,397.3039
2019-10-24,2545.4346,2289.4696,595.1449,396.1704
2019-10-25,2552.5541,2289.4696,596.7118,398.7618
2019-10-26,2541.1974,2289.4696,594.0569,396.9877
2019-10-27,2541.1974,2289.4696,594.0569,396.9877
2019-10-28,2541.1974,2289.4696,594.9192,400.3210
2019-10-29,2541.1974,2289.5094,595.2258,399.5845
2019-10-30,2538.0362,2289.5094,595.3778,398.9682
2019-10-31,2538.0007,2288.7930,596.0407,398.3239
2019-11-01,2542.7351,2288.7930,597.7983,398.7916
2019-11-02,2551.8803,2289.0915,599.9483,400.2259
2019-11-03,2551.8803,2289.0915,599.9483,400.2259
2019-11-04,2551.8803,2289.0915,599.2017,401.9785
2019-11-05,2551.8803,2289.0915,598.4289,399.9374
2019-11-06,2542.7914,2289.0318,595.5991,398.5379
2019-11-07,2538.5413,2289.1512,595.1613,399.0601
2019-11-08,2538.5413,2289.2407,595.7619,399.6885
2019-11-09,2524.5550,2289.2208,592.4795,397.4863
2019-11-10,2524.5550,2289.2208,592.4795,397.4863
2019-11-11,2524.5550,2289.2208,590.7188,396.1826
2019-11-12,2526.3222,2289.3701,590.9940,397.2829
2019-11-13,2522.4839,2289.4199,588.3482,398.3960
2019-11-14,2519.5449,2289.3502,586.9508,397.6492
2019-11-15,2517.7791,2289.4099,588.4724,396.9194
2019-11-16,2526.9038,2289.3800,590.6051,398.3579
2019-11-17,2526.9038,2289.3800,590.6051,398.3579
2019-11-18,2526.9038,2289.3800,588.8160,399.0940
2019-11-19,2526.9038,2289.3800,589.3378,399.1319
2019-11-20,2536.0687,2289.4895,590.7176,402.5314
2019-11-21,2536.0687,2289.4895,590.1952,401.9317
2019-11-22,2531.7005,2289.3701,589.0826,401.0996
2019-11-23,2531.0969,2289.3402,588.9422,401.0040
2019-11-24,2531.0969,2289.3402,588.9422,401.0040
2019-11-25,2531.0969,2289.3402,589.1067,400.5154
2019-11-26,2531.0969,2289.3104,588.4219,400.1418
2019-11-27,2519.9590,2289.3104,584.5552,397.2067
2019-11-28,2522.0167,2288.9323,583.6380,397.3119
2019-11-29,2518.1772,2288.3153,583.1139,398.4584
2019-11-30,2518.1772,2288.3153,583.1139,398.4584
2019-12-01,2514.7089,2288.8029,582.3107,397.9096
2019-12-02,2514.7089,2288.8029,584.8024,396.4167
2019-12-03,2521.9285,2288.8029,588.6168,397.1041
2019-12-04,2521.9285,2287.8775,589.3458,396.4798
2019-12-05,2538.3463,2288.7930,593.7236,397.5795
2019-12-06,2538.3463,2289.0318,593.4598,397.2808
2019-12-07,2539.5947,2288.9522,593.7517,397.4762
2019-12-08,2539.5947,2288.9522,593.7517,397.4762
2019-12-09,2539.5947,2288.9522,592.8507,395.1447
2019-12-10,2539.5947,2288.9522,591.9387,394.9603
2019-12-11,2534.7057,2288.4646,591.2677,393.8998
2019-12-12,2535.4636,2288.9422,591.9002,393.7667
2019-12-13,2535.4636,2288.9422,593.4241,391.1425
2019-12-14,2547.9993,2288.7930,596.3580,393.0763
2019-12-15,2557.5708,2289.0616,598.5982,394.5529
2019-12-16,2557.5708,2289.0616,599.5665,392.3256
2019-12-17,2551.4920,2289.0616,599.0121,388.8166
2019-12-18,2556.7083,2288.4945,598.6766,388.9595
2019-12-19,2556.7083,2288.4945,599.9269,387.2510
2019-12-20,2544.3670,2288.6139,597.3674,386.8348
2019-12-21,2540.7109,2288.5144,596.5090,386.2789
2019-12-22,2540.7109,2288.5144,596.5090,386.2789
2019-12-23,2540.7109,2288.5144,596.2850,385.9269
2019-12-24,2534.7828,2288.5343,595.0474,384.0929
2019-12-25,2534.7828,2288.5542,595.0474,384.0929
2019-12-26,2535.7203,2288.5542,595.2675,384.2350
2019-12-27,2535.7203,2288.5542,594.2491,381.6040
2019-12-28,2552.1219,2288.5542,598.0928,384.0723
2019-12-29,2552.1219,2288.3850,598.0928,384.0723
2019-12-30,2552.1219,2288.3850,599.5541,383.3915
2019-12-31,2552.1219,2288.3850,599.5400,381.8084
2020-01-01,2559.9641,2288.5840,601.3823,382.9816
2020-01-02,2570.0821,2288.5840,604.0998,385.3254
2020-01-03,2561.3187,2288.5840,602.7625,384.6575
2020-01-04,2561.3187,2288.5243,602.7625,384.6575
2020-01-05,2547.0702,2288.5741,599.4094,382.5176
2020-01-06,2547.0702,2288.5741,600.5117,380.7280
2020-01-07,2562.6537,2288.5741,603.5880,383.8607
2020-01-08,2558.5020,2288.5641,603.0078,386.7260
2020-01-09,2547.2184,2288.6039,600.4475,389.8943
2020-01-10,2547.2184,2288.6039,599.8819,390.6897
2020-01-11,2539.8728,2288.5840,598.1519,389.5630
2020-01-12,2539.8728,2288.5840,598.1519,389.5630
2020-01-13,2539.8728,2288.5840,599.7622,389.4376
2020-01-14,2545.7899,2288.5542,602.9963,388.9790
2020-01-15,2545.7899,2288.5542,602.3400,388.1961
2020-01-16,2545.3753,2288.5940,601.4023,389.4214
2020-01-17,2553.5932,2288.5741,602.7317,390.9179
2020-01-18,2542.3571,2288.5542,600.0796,389.1978
2020-01-19,2542.3571,2288.5542,600.0796,389.1978
2020-01-20,2542.3571,2288.5542,599.1462,387.5308
2020-01-21,2542.3571,2288.5542,599.0756,385.5678
2020-01-22,2540.7806,2288.4746,599.5518,386.8836
2020-01-23,2540.7806,2288.5044,598.6900,386.3071
2020-01-24,2536.6933,2288.5044,595.9575,387.0510
2020-01-25,2538.1825,2288.5044,596.3074,387.2782
2020-01-26,2525.5957,2288.5044,593.3503,385.3577
2020-01-27,2525.5957,2288.5044,591.2667,385.1990
2020-01-28,2525.5957,2288.5044,591.0453,385.7344
2020-01-29,2522.3918,2288.5442,588.8348,384.7514
2020-01-30,2516.9749,2288.5741,587.0769,381.5333
2020-01-31,2516.9749,2288.5741,585.2205,380.6850
2020-02-01,2529.3753,2289.4398,588.1037,382.5605
2020-02-02,2529.3753,2289.4398,588.1037,382.5605
2020-02-03,2529.3753,2289.4398,588.6649,381.9597
2020-02-04,2533.2674,2289.4398,592.5356,383.4043
2020-02-05,2533.2674,2289.4696,596.1892,383.9738
2020-02-06,2528.7215,2289.5094,595.6801,383.8026
2020-02-07,2518.3246,2289.4895,590.4214,383.3767
2020-02-08,2518.3246,2289.4895,590.4214,383.3767
2020-02-09,2511.2490,2289.5094,588.7626,382.2995
2020-02-10,2511.2490,2289.5094,588.7212,381.0870
2020-02-11,2511.2490,2289.5094,589.9244,381.7938
2020-02-12,2507.2876,2289.5492,589.2014,380.3358
2020-02-13,2498.1174,2289.5393,587.6126,379.4052
2020-02-14,2498.1174,2289.5393,587.9307,380.0285
2020-02-15,2482.3531,2289.5691,584.2205,377.6303
2020-02-16,2482.3531,2289.5691,584.2205,377.6303
2020-02-17,2482.3531,2289.5691,582.4385,378.7423
2020-02-18,2482.3531,2289.5691,580.7217,378.1596
2020-02-19,2476.6184,2289.5592,579.8414,377.4988
2020-02-20,2476.6184,2289.5592,578.3114,376.3515
2020-02-21,2470.3538,2289.5890,576.7139,373.5546
2020-02-22,2470.3538,2289.5691,576.7139,373.5546
2020-02-23,2473.8817,2289.5691,577.5375,374.0881
2020-02-24,2473.8817,2289.5691,575.4685,371.4593
2020-02-25,2477.0548,2289.5393,575.8985,371.4394
2020-02-26,2477.0548,2289.5393,574.8027,369.8145
2020-02-27,2481.1221,2289.4895,575.3460,367.3668
2020-02-28,2513.8543,2289.4298,581.1171,367.8022
2020-02-29,2513.8543,2289.3800,581.1171,367.8022
2020-03-01,2518.0695,2289.3601,582.0915,368.4189
2020-03-02,2518.0695,2289.3601,581.8628,363.6044
2020-03-03,2518.0695,2289.3303,583.3456,366.9265
2020-03-04,2544.1339,2289.3303,592.0997,375.0861
2020-03-05,2547.0890,2289.3104,591.9471,374.3627
2020-03-06,2549.7322,2289.3203,592.3824,368.4105
2020-03-07,2561.9573,2289.3004,595.2226,370.1769
2020-03-08,2589.7492,2289.2805,601.6796,374.1925
2020-03-09,2589.7492,2289.2805,600.4241,369.9536
2020-03-10,2589.7492,2289.2805,598.6475,370.5783
2020-03-11,2614.3368,2289.2606,605.4509,372.2218
2020-03-12,2597.3184,2289.1910,595.7289,369.1418
2020-03-13,2577.0237,2289.1611,591.4675,368.9368
2020-03-14,2577.0237,2289.1611,591.4675,368.9368
2020-03-15,2544.2091,2289.1910,583.9360,364.2390
2020-03-16,2544.2091,2289.1910,577.3109,355.4953
2020-03-17,2544.2091,2289.1910,570.0926,356.9016
2020-03-18,2556.7886,2289.2109,568.0490,362.7114
2020-03-19,2510.6126,2289.2109,550.5246,355.4850
2020-03-20,2510.6126,2289.3104,554.0357,359.6557
2020-03-21,2460.8948,2289.3104,543.0641,352.5334
2020-03-22,2460.8948,2289.3104,543.0641,352.5334
2020-03-23,2460.8948,2289.3104,534.3266,346.5268
2020-03-24,2460.8948,2289.3104,533.2845,351.0048
2020-03-25,2470.2810,2289.3104,539.1625,354.5586
2020-03-26,2476.5783,2289.4597,541.3523,351.7517
2020-03-27,2473.7634,2289.4597,546.0123,348.7366
2020-03-28,2515.5956,2289.6089,555.2456,354.6339
2020-03-29,2514.1786,2289.7781,554.9328,354.4341
2020-03-30,2514.1786,2289.7781,552.4574,346.9029
2020-03-31,2526.4450,2289.8975,555.1894,350.5884
2020-04-01,2507.7659,2289.8975,547.3679,343.8829
2020-04-02,2503.3165,2289.9870,547.8076,344.5010
2020-04-03,2490.6445,2290.2457,544.2247,344.5065
2020-04-04,2490.6445,2290.3552,544.2247,344.5065
2020-04-05,2469.5772,2290.3552,539.6214,341.5925
2020-04-06,2469.5772,2290.3552,541.0637,337.6692
2020-04-07,2469.5772,2290.3552,544.4874,335.7137
2020-04-08,2468.5578,2290.3651,543.2326,334.5020
2020-04-09,2490.1197,2290.3950,546.2466,340.0270
2020-04-10,2504.6849,2290.3950,549.4417,342.0159
2020-04-11,2504.6849,2290.4149,549.4417,342.0159
2020-04-12,2504.6849,2290.4149,549.4417,342.0159
2020-04-13,2504.6849,2290.4149,549.4417,342.0159
2020-04-14,2504.6849,2290.4149,550.8071,336.3257
2020-04-15,2504.6849,2290.4746,551.9237,333.5444
2020-04-16,2513.4529,2290.5045,554.9931,332.8812
2020-04-17,2493.5309,2290.5841,551.8493,332.5550
2020-04-18,2493.5309,2290.6637,551.8493,332.5550
2020-04-19,2488.5793,2290.6637,550.7534,331.8947
2020-04-20,2488.5793,2290.6637,549.6950,330.8401
2020-04-21,2488.7245,2290.6637,549.4965,328.9440
2020-04-22,2488.7245,2290.7731,548.7937,327.4293
2020-04-23,2487.8467,2290.7731,548.2374,332.6532
2020-04-24,2471.0448,2290.8328,545.6772,327.8770
2020-04-25,2475.4911,2291.2706,546.6591,328.4669
2020-04-26,2475.4911,2291.2706,546.6591,328.4669
2020-04-27,2475.4911,2291.2706,546.6229,326.6897
2020-04-28,2487.1334,2291.2706,547.0074,326.7600
2020-04-29,2487.1334,2291.2607,547.3204,328.2608
2020-04-30,2484.7810,2291.2607,548.0812,327.0352
2020-05-01,2488.9269,2291.3005,548.9957,327.5809
2020-05-02,2488.9269,2291.3005,548.9957,327.5809
2020-05-03,2488.9269,2291.3005,548.9957,327.5809
2020-05-04,2488.9269,2291.3005,545.0046,323.5230
2020-05-05,2506.4777,2291.3204,553.1110,326.0841
2020-05-06,2506.4777,2291.3502,552.1606,324.7658
2020-05-07,2486.1173,2291.3502,546.7960,319.5852
2020-05-08,2473.5674,2291.4000,543.8563,320.1946
2020-05-09,2482.9849,2291.4199,545.9269,321.4137
2020-05-10,2482.9849,2291.4199,545.9269,321.4137
2020-05-11,2482.9849,2291.4199,544.6217,324.1664
2020-05-12,2482.9849,2291.4199,546.3233,326.7988
2020-05-13,2484.1737,2291.4299,544.3452,327.4639
2020-05-14,2484.1737,2291.4796,543.9876,330.5225
2020-05-15,2492.1004,2291.5294,545.9147,333.6636
2020-05-16,2472.3333,2291.5294,541.5845,331.0171
2020-05-17,2474.5634,2291.5791,542.0730,331.3156
2020-05-18,2474.5600,2291.5800,542.7143,333.1574
2020-05-19,2474.5634,2291.6090,543.7406,332.3882
2020-05-20,2510.7436,2291.6587,552.5282,337.3794
2020-05-21,2510.7436,2291.6587,554.2725,335.7462
2020-05-22,2510.0888,2291.7284,555.2188,338.1638
2020-05-23,2499.0700,2291.7781,552.7815,336.6794
2020-05-24,2499.0700,2291.7781,552.7815,336.6794
2020-05-25,2499.0700,2291.7781,554.9666,336.1134
2020-05-26,2499.0700,2291.7781,561.5131,337.6483
2020-05-27,2514.2187,2291.7980,566.6228,337.2889
2020-05-28,2522.9604,2291.7980,570.2636,336.0721
2020-05-29,2522.9012,2291.8776,567.0078,331.5201
2020-05-30,2522.9012,2291.8776,567.0078,331.5201
2020-05-31,2552.6026,2291.8975,573.6830,335.4230
2020-06-01,2552.6026,2291.8975,576.4946,337.0084
2020-06-02,2552.6026,2291.8975,580.2293,337.2087
2020-06-03,2546.9195,2292.4548,577.0748,336.4357
2020-06-04,2567.4449,2292.4946,578.6183,338.4095
2020-06-05,2575.8569,2292.6040,579.8215,335.6297
2020-06-06,2594.3805,2292.6637,583.9911,338.0432
2020-06-07,2594.3805,2292.6637,583.9911,338.0432
2020-06-08,2594.3805,2292.6637,585.2030,338.8070
2020-06-09,2594.3805,2292.8727,583.4789,337.5506
2020-06-10,2587.5091,2292.8727,581.1493,335.4085
2020-06-11,2586.8886,2292.9324,578.3471,334.2622
2020-06-12,2605.8150,2293.0418,585.7870,337.4359
2020-06-13,2594.4286,2293.1115,583.2274,335.9614
2020-06-14,2594.4286,2293.1115,583.2274,335.9614
2020-06-15,2594.4286,2293.1115,584.9632,337.0832
2020-06-16,2579.5682,2293.1513,582.6636,333.0968
2020-06-17,2579.5682,2293.1513,580.1084,334.9567
2020-06-18,2576.3867,2293.2806,577.0571,334.7348
2020-06-19,2574.3215,2293.3801,578.2913,334.8188
2020-06-20,2574.3215,2293.3801,578.2913,334.8188
2020-06-21,2571.8595,2293.6389,577.7382,334.4986
2020-06-22,2571.8595,2293.6389,578.0369,334.7511
2020-06-23,2573.6774,2293.6389,580.0359,331.5655
2020-06-24,2573.6774,2294.5444,578.6145,332.8519
2020-06-25,2589.7563,2295.2707,579.9736,337.3133
2020-06-26,2589.7563,2295.4996,579.5713,336.9227
2020-06-27,2578.1168,2295.4996,576.9664,335.4084
2020-06-28,2578.1168,2296.0469,576.9664,335.4084
2020-06-29,2578.1168,2296.0469,577.2248,333.3010
2020-06-30,2578.1168,2296.5146,578.5720,335.8628
2020-07-01,2572.0866,2297.5295,576.9209,335.0074
2020-07-02,2574.6796,2297.5892,575.4760,332.7835
2020-07-03,2574.6796,2297.6589,576.1585,334.5608
2020-07-04,2580.0546,2297.6688,577.3613,335.2592
2020-07-05,2580.0546,2297.6688,577.3613,335.2592
2020-07-06,2580.0546,2297.6688,577.3355,331.8697
2020-07-07,2580.0546,2297.6688,577.4130,332.8759
2020-07-08,2602.3194,2297.6489,581.3290,335.8785
2020-07-09,2593.1389,2297.6489,580.7052,333.1157
2020-07-10,2593.1389,2297.5992,579.5630,334.9573
2020-07-11,2606.8583,2297.5395,582.6293,336.7294
2020-07-12,2594.7268,2297.5395,579.9179,335.1624
2020-07-13,2594.7268,2297.5395,579.7236,333.4096
2020-07-14,2602.3463,2297.5395,581.1273,333.1600
2020-07-15,2602.3463,2297.4300,582.3367,331.2222
2020-07-16,2627.9756,2297.4300,584.9305,335.5434
2020-07-17,2622.2435,2297.3802,584.9697,334.4144
2020-07-18,2625.0231,2297.3902,585.5897,334.7689
2020-07-19,2625.0231,2297.4101,585.5897,334.7689
2020-07-20,2625.0231,2297.4101,588.6758,334.3638
2020-07-21,2625.0231,2297.4300,591.7279,334.9568
2020-07-22,2627.3876,2297.4300,593.2505,331.3267
2020-07-23,2653.0395,2297.6987,601.0375,334.8571
2020-07-24,2653.0395,2297.6987,602.3338,333.7325
2020-07-25,2668.8962,2297.9375,605.9338,335.7271
2020-07-26,2668.8962,2297.9972,605.9338,335.7271
2020-07-27,2668.8962,2297.9972,606.3468,331.3259
2020-07-28,2668.8962,2297.9076,605.8238,328.3462
2020-07-29,2695.8608,2297.9076,610.0061,329.7770
2020-07-30,2588.7477,2297.8678,587.2840,315.7857
2020-07-31,2695.5960,2297.8181,612.1624,326.3631
2020-08-01,2700.3981,2297.8181,613.2530,326.9445
2020-08-02,2700.3981,2297.8181,613.2530,326.9445
2020-08-03,2700.3981,2297.8181,610.9360,329.8639
2020-08-04,2694.3888,2297.8181,611.5966,328.6241
2020-08-05,2694.3888,2297.7683,613.2671,323.4133
2020-08-06,2703.5565,2297.7584,613.4269,314.9053
2020-08-07,2725.1437,2297.7584,618.2128,320.5335
2020-08-08,2722.2698,2297.7385,617.5608,320.1955
2020-08-09,2714.3207,2297.7385,615.7575,319.2605
2020-08-10,2714.3207,2297.7385,616.5968,315.4170
2020-08-11,2703.2799,2297.7385,614.1306,316.5063
2020-08-12,2703.2799,2297.7086,613.9214,314.0646
2020-08-13,2703.6809,2297.7086,614.9201,311.5055
2020-08-14,2703.6809,2297.6688,614.6965,310.2366
2020-08-15,2720.9017,2297.6987,618.6117,312.2126
2020-08-16,2714.3869,2297.6987,617.1305,311.4651
2020-08-17,2714.3869,2297.6987,617.3832,309.6636
2020-08-18,2724.2563,2297.6987,620.9839,309.4902
2020-08-19,2734.4579,2297.6887,622.2880,311.4949
2020-08-20,2734.4579,2297.6788,622.6848,313.8402
2020-08-21,2722.0376,2297.6589,618.9403,316.7923
2020-08-22,2722.0376,2297.6688,618.9403,316.7923
2020-08-23,2706.5395,2297.6688,615.4163,314.9886
2020-08-24,2706.5395,2297.6688,615.3184,309.9777
2020-08-25,2721.5792,2297.6688,619.6815,311.5646
2020-08-26,2714.8925,2297.6589,615.9850,313.1147
2020-08-27,2709.5962,2297.6390,615.9153,312.6517
2020-08-28,2709.5962,2297.6390,616.9250,310.8191
2020-08-29,2714.6627,2297.6191,618.0785,311.4002
2020-08-30,2737.6154,2297.6191,623.3044,314.0332
2020-08-31,2737.6154,2297.6191,622.5957,311.9079
2020-09-01,2737.6154,2297.6191,623.2477,310.4013
2020-09-02,2753.3297,2297.5892,623.1226,314.3501
2020-09-03,2724.6439,2297.5992,615.4745,309.9462
2020-09-04,2715.8104,2297.6290,610.1025,307.8627
2020-09-05,2715.8104,2297.6390,610.1025,307.8627
2020-09-06,2722.7162,2297.6489,611.6539,308.6455
2020-09-07,2722.7162,2297.6489,611.7913,308.8100
2020-09-08,2716.7294,2297.6390,610.7343,308.0122
2020-09-09,2710.3998,2297.6290,609.1060,307.1623
2020-09-10,2705.0789,2297.5992,607.5416,306.1048
2020-09-11,2721.6334,2297.5992,612.0569,307.3035
2020-09-12,2721.6334,2297.5892,612.0569,307.3035
2020-09-13,2724.7122,2297.5892,612.7493,307.6511
2020-09-14,2724.7122,2297.5892,612.2398,306.1578
2020-09-15,2728.6535,2297.6191,613.7184,306.5111
2020-09-16,2728.6535,2297.6191,613.6494,306.6592
2020-09-17,2724.2774,2297.5992,611.1123,305.9714
2020-09-18,2709.7790,2297.6091,607.5465,302.4307
2020-09-19,2709.7790,2297.5793,607.5465,302.4307
2020-09-20,2721.3683,2297.5793,610.1449,303.7241
2020-09-21,2721.3683,2297.5793,606.9470,303.3517
2020-09-22,2721.3683,2297.5992,605.6368,302.8791
2020-09-23,2698.0963,2297.5992,599.5636,300.0552
2020-09-24,2685.6776,2297.6191,592.9564,302.2676
2020-09-25,2674.4425,2297.6091,587.0541,301.4849
2020-09-26,2672.3399,2297.6290,586.5926,301.2479
2020-09-27,2672.3399,2297.5992,586.5926,301.2479
2020-09-28,2672.3399,2297.5992,587.3016,293.4283
2020-09-29,2672.3399,2297.6191,588.1677,291.5842
2020-09-30,2689.9509,2297.6191,591.6922,295.6315
2020-10-01,2690.2611,2297.5992,598.7006,296.9186
2020-10-02,2690.2611,2297.6091,598.5807,296.3267
2020-10-03,2700.1525,2297.6290,600.7815,297.4162
2020-10-04,2690.5259,2297.6290,598.6396,296.3559
2020-10-05,2690.5259,2297.6290,598.1605,293.6806
2020-10-06,2690.5259,2297.6290,599.6002,293.6454
2020-10-07,2701.5779,2297.6489,602.1974,291.3632
2020-10-08,2704.1833,2297.6191,603.0335,289.8250
2020-10-09,2703.6212,2297.6290,604.8099,289.8424
2020-10-10,2710.0322,2297.6290,606.2441,290.5297
2020-10-11,2710.0322,2297.6091,606.2441,290.5297
2020-10-12,2710.0322,2297.6091,604.7829,291.9664
2020-10-13,2711.5134,2297.6091,604.5603,291.0755
2020-10-14,2711.5134,2297.6191,601.5826,290.5172
2020-10-15,2710.1583,2297.6191,595.4036,291.8291
2020-10-16,2710.1583,2297.6191,594.8809,290.4778
2020-10-17,2698.0043,2297.6390,592.2131,289.1752
2020-10-18,2698.0043,2297.6390,592.2131,289.1752
2020-10-19,2698.0043,2297.6390,590.0760,289.9303
2020-10-20,2698.0043,2297.5992,588.9682,289.1721
2020-10-21,2713.7308,2297.5992,593.2949,291.5357
2020-10-22,2713.7308,2297.6589,592.7377,289.2641
2020-10-23,2717.3162,2297.6589,593.0027,287.7964
2020-10-24,2723.6471,2297.6489,594.3843,288.4669
2020-10-25,2723.6471,2297.6589,594.3843,288.4669
2020-10-26,2723.6471,2297.6589,594.6958,284.9212
2020-10-27,2723.6471,2297.6589,594.1379,282.3427
2020-10-28,2713.1910,2297.6788,587.2454,279.9817
2020-10-29,2714.7097,2297.6788,587.2817,278.6661
2020-10-30,2714.7097,2297.6788,587.3198,277.1809
2020-10-31,2685.0813,2297.6788,580.9098,274.1557
2020-11-01,2685.0813,2297.6887,580.9098,274.1557
2020-11-02,2714.7097,2297.6887,589.9234,276.0759
2020-11-03,2674.4069,2297.6887,585.4656,267.8693
2020-11-04,2688.6189,2297.6987,592.6245,271.4762
2020-11-05,2691.0437,2297.6788,596.2343,269.1582
2020-11-06,2691.0437,2297.6788,594.5350,265.1562
2020-11-07,2729.8874,2297.6887,603.1168,268.9836
2020-11-08,2729.8874,2297.6887,603.1168,268.9836
2020-11-09,2729.8874,2297.6887,611.1232,284.9986
2020-11-10,2732.4255,2297.6987,607.3406,279.7467
2020-11-11,2707.2417,2297.6987,603.3119,291.6563
2020-11-12,2707.2417,2297.7086,603.1372,296.8239
2020-11-13,2700.4992,2297.7186,601.6083,295.7733
2020-11-14,2714.5035,2297.6987,604.7281,297.3072
2020-11-15,2714.5035,2297.6987,604.7281,297.3072
2020-11-16,2714.5035,2297.6987,607.3802,295.8619
2020-11-17,2714.5035,2297.6887,603.7060,294.8272
2020-11-18,2729.2206,2297.6887,610.6459,298.0800
2020-11-19,2729.2206,2297.7186,610.3727,305.3742
2020-11-20,2719.8907,2297.7186,609.3082,300.6401
2020-11-21,2719.8907,2297.6688,609.3082,300.6401
2020-11-22,2727.5638,2297.6688,611.0271,301.4882
2020-11-23,2727.5638,2297.6688,609.7158,294.4389
2020-11-24,2727.5638,2297.6688,610.6577,288.7778
2020-11-25,2726.5304,2297.6887,610.2488,287.4571
2020-11-26,2734.6984,2297.6688,611.1194,291.3034
2020-11-27,2734.1364,2297.6788,608.8441,293.0918
2020-11-28,2734.1364,2297.6688,608.8441,293.0918
2020-11-29,2743.1891,2297.6688,610.8600,294.0622
2020-11-30,2743.1891,2297.6688,613.5516,294.4758
2020-12-01,2743.1891,2297.6987,612.4831,291.4504
2020-12-02,2749.7476,2297.6987,614.0159,290.7632
2020-12-03,2749.7476,2297.6887,614.7023,289.3831
2020-12-04,2773.8864,2297.6788,619.5998,293.1111
2020-12-05,2795.6770,2297.6589,624.4672,295.4137
2020-12-06,2795.6770,2297.6589,624.4672,295.4137
2020-12-07,2795.6770,2297.6589,625.8511,294.1177
2020-12-08,2795.6770,2297.6589,625.9492,294.6850
2020-12-09,2785.2726,2297.6987,629.4970,293.9229
2020-12-10,2785.2726,2297.6987,629.1842,292.3864
2020-12-11,2785.2726,2297.6688,627.9076,291.1090
2020-12-12,2783.3983,2297.6390,627.4851,290.9131
2020-12-13,2784.2800,2297.6390,627.6838,291.0052
2020-12-14,2784.2800,2297.6390,627.4717,290.8533
2020-12-15,2793.3805,2297.6589,628.7716,293.1298
2020-12-16,2793.8763,2297.6589,629.9040,293.4158
2020-12-17,2801.7006,2297.6887,630.6869,295.4508
2020-12-18,2810.6361,2297.6987,627.6683,299.0420
2020-12-19,2817.7479,2297.6788,629.2565,299.7987
2020-12-20,2817.7479,2297.6688,629.2565,299.7987
2020-12-21,2817.7479,2297.6688,624.6255,301.3022
2020-12-22,2817.7479,2297.6390,624.5562,301.9285
2020-12-23,2815.5523,2297.6390,625.3309,302.9235
2020-12-24,2815.5523,2298.5345,625.3726,305.1262
2020-12-25,2802.1619,2298.5345,622.3984,303.6751
2020-12-26,2802.1619,2298.4549,622.3984,303.6751
2020-12-27,2802.1619,2298.4549,622.3984,303.6751
2020-12-28,2802.1619,2298.4549,623.9922,307.0728
2020-12-29,2808.0125,2298.4549,619.7609,311.3890
2020-12-30,2808.0125,2298.4450,616.2652,310.8925
2020-12-31,2817.2429,2298.4549,617.8571,309.1421
2021-01-01,2823.2055,2298.4549,619.1647,309.7964
2021-01-02,2823.2055,2298.4649,619.1647,309.7964
2021-01-03,2823.2055,2298.4649,619.1647,309.7964
2021-01-04,2823.2055,2298.4649,620.8258,311.6843
2021-01-05,2823.2055,2298.4947,620.8531,311.2891
2021-01-06,2826.3446,2298.4748,625.8513,312.1170
2021-01-07,2834.9534,2298.4848,630.0176,315.0403
2021-01-08,2819.9344,2298.4848,625.0824,312.8186
2021-01-09,2819.9344,2298.5146,625.0824,312.8186
2021-01-10,2815.7662,2298.3952,624.1585,312.3562
2021-01-11,2815.7662,2298.3952,621.6643,310.9626
2021-01-12,2815.7662,2298.2658,622.2963,309.2549
2021-01-13,2795.7272,2298.2658,617.7993,308.8144
2021-01-14,2796.5431,2298.2658,616.2637,312.4908
2021-01-15,2796.5431,2298.2658,616.3180,310.1102
2021-01-16,2792.6251,2298.2857,615.4546,309.6758
2021-01-17,2785.6389,2298.2857,613.9149,308.9011
2021-01-18,2785.6389,2298.2857,613.7256,307.6490
2021-01-19,2771.9801,2298.2857,611.2145,307.1208
2021-01-20,2771.9801,2298.3653,611.6191,307.6184
2021-01-21,2783.8186,2298.3653,614.7466,310.8502
2021-01-22,2783.8186,2298.4350,613.3786,308.6444
2021-01-23,2792.2555,2298.3952,615.2375,309.5799
2021-01-24,2799.5620,2298.3952,616.8474,310.3899
2021-01-25,2799.5620,2298.3952,616.5214,311.5297
2021-01-26,2799.5620,2298.4051,615.7620,313.6097
2021-01-27,2793.8281,2298.4350,613.7584,312.0131
2021-01-28,2789.4962,2298.4450,613.4671,312.3281
2021-01-29,2783.2122,2298.4450,614.3414,313.5237
2021-01-30,2783.2122,2298.4549,614.3414,313.5237
2021-01-31,2790.2099,2298.4549,615.8860,314.3119
2021-02-01,2790.2099,2298.4549,618.9463,321.0755
2021-02-02,2790.2099,2298.4848,620.6949,322.0873
2021-02-03,2765.4117,2298.4848,615.6715,321.0518
2021-02-04,2762.1142,2298.5047,614.6090,323.0921
2021-02-05,2756.3810,2298.5146,612.2162,325.2252
2021-02-06,2756.3810,2298.5146,612.2162,325.2252
2021-02-07,2753.6336,2298.5246,611.6060,324.9010
2021-02-08,2753.6336,2298.5246,614.3213,322.7873
2021-02-09,2753.6336,2298.5246,615.1859,320.6262
2021-02-10,2782.5829,2298.5146,620.8489,325.4369
2021-02-11,2785.2630,2298.5146,619.2914,326.7017
2021-02-12,2785.2630,2298.5445,618.9611,327.6395
2021-02-13,2788.1114,2298.5345,619.5941,327.9745
2021-02-14,2782.9524,2298.5345,618.4476,327.3677
2021-02-15,2782.9524,2298.5345,620.3086,329.6634
2021-02-16,2786.9874,2298.5345,620.1298,329.1471
2021-02-17,2796.5016,2298.5246,621.2791,331.5433
2021-02-18,2773.0447,2298.5246,617.7697,330.2226
2021-02-19,2773.2985,2298.5146,618.6256,328.3176
2021-02-20,2773.2985,2298.5445,618.6256,328.3176
2021-02-21,2788.9395,2298.5445,622.1145,330.1692
2021-02-22,2788.9395,2298.5445,620.0123,325.4913
2021-02-23,2789.8359,2298.5246,619.0556,325.6073
2021-02-24,2789.8359,2298.5146,617.5209,320.4093
2021-02-25,2795.8363,2298.5146,619.6171,316.4716
2021-02-26,2807.2025,2298.5445,621.2549,311.3302
2021-02-27,2807.2025,2298.5146,621.2549,311.3302
2021-02-28,2784.3074,2298.5146,616.1881,308.7911
2021-03-01,2784.3074,2298.5146,615.1398,319.3929
2021-03-02,2784.3074,2298.5047,614.3390,315.8566
2021-03-03,2768.2058,2298.4848,610.5977,311.0029
2021-03-04,2773.3660,2298.4848,609.1427,309.2996
2021-03-05,2773.3660,2298.4947,606.2267,309.8664
2021-03-06,2744.0047,2298.5445,599.8087,306.5859
2021-03-07,2744.0047,2298.5445,599.8087,306.5859
2021-03-08,2744.0047,2298.5445,596.4968,301.3337
2021-03-09,2725.8108,2298.5146,594.5970,299.4640
2021-03-10,2734.9248,2298.5445,597.7716,302.9750
2021-03-11,2734.2234,2298.5445,597.5139,307.1195
2021-03-12,2734.2234,2298.5146,596.1200,302.2845
2021-03-13,2740.2103,2298.5146,597.4252,302.9463
2021-03-14,2740.2103,2298.5445,597.4252,302.9463
2021-03-15,2740.2103,2298.5445,596.8137,304.9693
2021-03-16,2741.0047,2298.5445,596.7398,306.7717
2021-03-17,2746.7391,2298.5345,595.3570,306.9051
2021-03-18,2746.7391,2298.5445,593.8510,313.1936
2021-03-19,2745.3719,2298.5445,594.2363,317.9206
2021-03-20,2745.3719,2298.5544,594.2363,317.9206
2021-03-21,2735.2809,2298.5544,592.0521,316.7521
2021-03-22,2735.2809,2298.5544,594.4066,290.6874
2021-03-23,2735.2809,2298.5544,592.1675,292.1123
2021-03-24,2731.0043,2298.5544,590.1046,290.5046
2021-03-25,2719.8335,2298.5345,586.1836,288.3837
2021-03-26,2719.8335,2298.5345,584.9985,287.7430
2021-03-27,2714.3417,2298.5345,583.8173,287.1620
2021-03-28,2714.3417,2298.5345,583.8173,287.1620
2021-03-29,2714.3417,2298.5345,584.2697,282.1297
2021-03-30,2714.3417,2298.5345,582.7018,277.5401
2021-03-31,2698.0104,2298.5246,580.1175,277.4304
2021-04-01,2698.0104,2298.5246,585.3914,281.3270
2021-04-02,2701.1362,2298.5345,586.0696,281.6529
2021-04-03,2701.1362,2298.5445,586.0696,281.6529
2021-04-04,2701.1362,2298.5445,586.0696,281.6529
2021-04-05,2701.1362,2298.5445,586.0696,281.6529
2021-04-06,2701.1362,2298.5445,588.3034,280.5472
2021-04-07,2716.6273,2298.5246,593.7205,279.4108
2021-04-08,2716.6273,2298.5246,596.8904,280.6462
2021-04-09,2716.6273,2298.5047,598.4815,280.3450
2021-04-10,2729.2467,2298.5047,601.2616,281.6473
2021-04-11,2732.7300,2298.5345,602.0290,282.0067
2021-04-12,2732.7300,2298.5345,603.9716,281.6144
2021-04-13,2738.1061,2298.5146,599.5678,282.5907
2021-04-14,2741.9910,2298.5146,602.1457,283.2869
2021-04-15,2750.0476,2298.5047,603.6896,283.1860
2021-04-16,2753.1273,2298.5047,604.9633,284.7317
2021-04-17,2753.1273,2298.4748,604.9633,284.7317
2021-04-18,2754.0337,2298.4748,605.1624,284.8254
2021-04-19,2754.0337,2298.4748,605.6415,283.3426
2021-04-20,2765.6535,2298.4748,607.5021,282.8908
2021-04-21,2765.6535,2298.5047,607.0221,281.7610
2021-04-22,2769.4694,2298.5146,607.7796,278.1905
2021-04-23,2760.6327,2298.5146,605.0967,274.3213
2021-04-24,2773.9881,2298.5246,608.0240,275.6484
2021-04-25,2773.9881,2298.5345,608.0240,275.6484
2021-04-26,2773.9881,2298.5345,608.7178,276.2166
2021-04-27,2773.9881,2298.5345,607.7443,279.6669
2021-04-28,2777.0545,2298.5345,605.5637,281.4288
2021-04-29,2777.0545,2298.5246,608.2828,278.5578
2021-04-30,2787.7793,2298.5246,610.8862,279.4010
2021-05-01,2776.8487,2298.5246,608.4910,278.3055
2021-05-02,2776.8487,2298.5246,608.4910,278.3055
2021-05-03,2776.8487,2298.5246,610.0551,277.4435
2021-05-04,2769.2767,2298.5246,607.5107,276.6234
2021-05-05,2764.4247,2298.5345,603.8763,275.9623
2021-05-06,2760.6446,2298.5246,601.8672,274.7183
2021-05-07,2760.6446,2298.5246,603.3668,276.0120
2021-05-08,2783.9511,2298.5047,608.4607,278.3422
2021-05-09,2783.9511,2298.5047,608.4607,278.3422
2021-05-10,2783.9511,2298.5047,610.1008,277.0238
2021-05-11,2797.1912,2298.5246,614.4702,277.4688
2021-05-12,2796.6292,2298.5246,615.4825,276.5654
2021-05-13,2796.6292,2298.5146,615.0899,272.4352
2021-05-14,2776.9269,2298.5146,614.1198,271.7841
2021-05-15,2776.9269,2298.4947,614.1198,271.7841
2021-05-16,2776.9269,2298.4947,614.1198,271.7841
2021-05-17,2776.9269,2298.4947,611.2809,273.1583
2021-05-18,2791.0886,2298.5146,616.9106,273.9450
2021-05-19,2791.0886,2298.5246,617.6615,271.2165
2021-05-20,2806.8560,2298.5345,621.6322,274.8747
2021-05-21,2806.8560,2298.5445,625.2464,274.7752
2021-05-22,2801.3649,2298.5445,624.0232,274.2376
2021-05-23,2801.3649,2298.5544,624.0232,274.2376
2021-05-24,2801.3649,2298.5544,624.6076,273.4987
2021-05-25,2801.3649,2298.5345,624.7608,271.5132
2021-05-26,2817.3526,2298.5345,626.4821,272.6690
2021-05-27,2809.1010,2298.5644,626.5140,272.7653
2021-05-28,2809.1010,2298.5743,626.1230,269.0761
2021-05-29,2803.1137,2298.5743,624.7885,268.5026
2021-05-30,2791.8748,2298.5942,622.2835,267.4261
2021-05-31,2791.8748,2298.5942,622.4083,269.1534
2021-06-01,2791.8748,2298.5942,625.1259,268.0320
2021-06-02,2810.4144,2298.6141,629.3898,268.5768
2021-06-03,2801.6675,2298.6241,629.3054,265.1839
2021-06-04,2794.2999,2298.6141,625.0811,265.6608
2021-06-05,2796.4038,2298.6340,625.5517,265.8608
2021-06-06,2796.4038,2298.6340,625.5517,265.8608
2021-06-07,2796.4038,2298.6340,626.1260,266.5730
2021-06-08,2796.4038,2298.6539,625.6217,267.1740
2021-06-09,2798.5221,2298.6738,628.0346,267.4147
2021-06-10,2798.5221,2298.6937,624.4192,270.9541
2021-06-11,2797.2706,2298.6838,625.8576,274.3256
2021-06-12,2797.2706,2298.7037,625.8576,274.3256
2021-06-13,2789.0194,2298.7037,624.0115,273.5164
2021-06-14,2789.0194,2298.7037,617.6957,275.1055
2021-06-15,2789.0194,2298.6738,616.5623,269.2468
2021-06-16,2785.3042,2298.6937,616.6816,268.8180
2021-06-17,2783.4894,2298.7236,613.4412,269.9717
2021-06-18,2746.0456,2298.7236,603.6326,265.4236
2021-06-19,2746.0456,2298.7435,603.6326,265.4236
2021-06-20,2732.7485,2298.7435,600.7097,264.1383
2021-06-21,2732.7485,2298.7435,602.8698,261.5496
2021-06-22,2732.7485,2298.7733,602.8831,264.3018
2021-06-23,2731.9789,2298.7932,604.0593,264.3833
2021-06-24,2734.8766,2298.8032,604.4594,263.4705
2021-06-25,2744.5779,2298.8032,608.1224,264.1888
2021-06-26,2744.5779,2298.8629,608.1224,264.1888
2021-06-27,2746.9135,2298.8629,608.6399,264.4136
2021-06-28,2746.9135,2298.8629,609.4771,263.7966
2021-06-29,2739.9370,2298.8927,606.2746,264.4472
2021-06-30,2739.9370,2298.9325,606.1673,265.4720
2021-07-01,2731.4586,2298.9325,604.7867,264.4021
2021-07-02,2729.2728,2299.0121,602.9677,265.5451
2021-07-03,2723.6302,2299.0022,601.7211,264.9961
2021-07-04,2723.6302,2299.0022,601.7211,264.9961
2021-07-05,2723.6302,2299.0022,604.4586,264.7154
2021-07-06,2723.6302,2299.0221,606.0457,265.6837
2021-07-07,2728.3650,2299.0221,603.7274,266.0107
2021-07-08,2718.6194,2299.0420,597.4462,264.1899
2021-07-09,2724.6205,2299.0619,598.8572,265.1183
2021-07-10,2724.6205,2299.0619,598.8572,265.1183
2021-07-11,2727.0800,2299.1017,599.3978,265.3576
2021-07-12,2727.0800,2299.1017,598.8055,266.3892
2021-07-13,2728.7012,2299.1017,597.2599,268.2403
2021-07-14,2728.7012,2299.0917,596.6200,268.8773
2021-07-15,2716.6091,2299.1216,593.8203,268.8088
2021-07-16,2718.4836,2299.1415,592.6883,270.4394
2021-07-17,2715.9781,2299.1514,592.1421,270.1901
2021-07-18,2712.5412,2299.1514,591.3928,269.8482
2021-07-19,2712.5412,2299.1514,591.1608,268.1914
2021-07-20,2712.5412,2299.1713,590.2731,269.4649
2021-07-21,2706.8167,2299.1614,588.6048,267.8346
2021-07-22,2705.0800,2299.1614,592.4268,268.5823
2021-07-23,2709.4825,2299.1614,593.0014,269.4046
2021-07-24,2709.4825,2299.1813,593.0014,269.4046
2021-07-25,2708.3223,2299.1813,592.7474,269.2892
2021-07-26,2708.3223,2299.1813,590.2027,268.2224
2021-07-27,2710.7488,2299.1813,590.4999,268.2051
2021-07-28,2710.7488,2299.2111,589.7419,268.4627
2021-07-29,2716.0604,2299.2211,593.2594,269.3142
2021-07-30,2713.8873,2299.2211,594.6812,271.4294
2021-07-31,2730.5691,2299.2310,598.3366,273.0979
2021-08-01,2734.5803,2299.2211,599.2156,273.4991
2021-08-02,2734.5803,2299.2211,600.1888,275.7161
2021-08-03,2732.1904,2299.2211,599.6643,274.3824
2021-08-04,2732.6620,2299.2410,601.4046,272.9523
2021-08-05,2732.6620,2299.2609,600.8492,270.1460
2021-08-06,2733.9367,2299.2609,600.0344,269.6589
2021-08-07,2722.3378,2299.2907,597.4887,268.5148
2021-08-08,2714.7749,2299.2907,595.8288,267.7689
2021-08-09,2714.7749,2299.2907,594.7584,266.9946
2021-08-10,2714.7749,2299.2907,593.3286,269.2882
2021-08-11,2705.3712,2299.3405,589.9453,266.6257
2021-08-12,2695.0593,2299.3305,587.4661,268.0238
2021-08-13,2694.5878,2299.3504,589.1097,267.7239
2021-08-14,2705.0960,2299.3504,591.4071,268.7680
2021-08-15,2705.0960,2299.3703,591.4071,268.7680
2021-08-16,2698.4033,2299.3504,591.0681,270.6061
2021-08-17,2705.0960,2299.3902,593.1578,272.9305
2021-08-18,2703.4188,2299.3902,592.4133,272.0285
2021-08-19,2703.4188,2299.3803,589.8540,271.0711
2021-08-20,2691.0919,2299.3902,586.3584,270.2686
2021-08-21,2683.2072,2299.4300,584.6404,269.4768
2021-08-22,2683.2072,2299.4300,584.6404,269.4768
2021-08-23,2683.2072,2299.4300,584.9846,270.6210
2021-08-24,2697.6703,2299.4300,589.1139,272.9441
2021-08-25,2697.6703,2299.4201,589.2812,273.0795
2021-08-26,2700.0946,2299.4201,589.8107,274.2605
2021-08-27,2698.2796,2299.4599,588.7969,273.0803
2021-08-28,2705.8912,2299.4599,590.4579,273.8507
2021-08-29,2698.8901,2299.4699,588.9301,273.1421
2021-08-30,2698.8901,2299.4699,590.8512,272.8660
2021-08-31,2698.8901,2299.4699,595.8341,274.5285
2021-09-01,2721.7255,2299.5296,603.7813,277.7696
2021-09-02,2718.9778,2299.5296,603.2922,277.6110
2021-09-03,2723.2078,2299.5196,603.9762,276.2603
2021-09-04,2735.7289,2299.5196,606.7532,277.5305
2021-09-05,2735.7289,2299.5097,606.7532,277.5305
2021-09-06,2735.7289,2299.5097,605.1427,278.5903
2021-09-07,2735.7289,2299.5196,605.5177,277.0779
2021-09-08,2728.2774,2299.5296,603.8951,273.1254
2021-09-09,2718.8729,2299.5296,599.7293,271.1498
2021-09-10,2717.4825,2299.5495,598.3404,272.9547
2021-09-11,2717.4825,2299.5395,598.3404,272.9547
2021-09-12,2719.5392,2299.5296,598.7932,273.1613
2021-09-13,2719.5392,2299.5296,597.4646,273.4085
2021-09-14,2719.5392,2299.5097,597.1497,272.3679
2021-09-15,2721.4024,2299.5495,598.0973,272.7703
2021-09-16,2721.4024,2299.5495,594.6731,273.0605
2021-09-17,2702.7526,2299.5495,590.0691,266.7462
2021-09-18,2702.7526,2299.5196,590.0691,266.7462
2021-09-19,2706.0770,2299.5196,590.7949,267.0743
2021-09-20,2706.0770,2299.5196,588.3160,266.5771
2021-09-21,2693.9128,2299.5196,582.3291,265.1854
2021-09-22,2698.6380,2299.5495,582.5446,265.8154
2021-09-23,2697.2338,2299.5495,585.3753,263.2475
2021-09-24,2697.2338,2299.4997,585.7567,260.3759
2021-09-25,2697.3154,2298.6042,585.7744,260.3838
2021-09-26,2691.8976,2298.6042,584.5978,259.8608
2021-09-27,2691.8976,2298.6042,585.7682,260.1596
2021-09-28,2690.8966,2298.5345,582.7479,259.5261
2021-09-29,2683.3335,2297.5693,580.0548,260.0936
2021-09-30,2674.7147,2297.2708,578.9802,259.7290
2021-10-01,2662.5718,2297.2708,581.0177,259.5529
2021-10-02,2662.5718,2296.3255,581.0177,259.5529
2021-10-03,2664.4288,2296.3255,581.4229,259.7340
2021-10-04,2664.4288,2296.3255,583.2174,259.1453
2021-10-05,2668.7591,2296.3255,580.1902,259.8420
2021-10-06,2662.2125,2294.7135,579.6870,258.9650
2021-10-07,2662.2125,2294.7135,585.6422,259.4901
2021-10-08,2650.9354,2294.5842,574.0192,257.0978
2021-10-09,2656.1011,2295.2807,575.1377,257.5988
2021-10-10,2656.1011,2295.2807,575.1377,257.5988
2021-10-11,2656.1011,2295.2807,578.5074,256.0690
2021-10-12,2656.1011,2294.4747,579.8714,255.2863
2021-10-13,2648.7889,2294.4747,578.6920,252.6675
2021-10-14,2648.7889,2297.5196,579.6925,249.6408
2021-10-15,2652.1434,2297.5196,581.0497,247.5585
2021-10-16,2652.1434,2296.6539,581.0497,247.5585
2021-10-17,2652.1434,2296.6539,581.0497,247.5585
2021-10-18,2662.5131,2296.6539,581.4998,247.1239
2021-10-19,2665.8106,2296.6539,582.9584,245.7331
2021-10-20,2665.8106,2296.9225,581.4200,247.2441
2021-10-21,2672.4871,2296.9225,580.5968,243.6600
2021-10-22,2672.2944,2296.1464,581.2495,238.9604
2021-10-23,2670.4081,2295.3901,580.8392,238.7917
2021-10-24,2670.4081,2295.0518,580.8392,238.7917
2021-10-25,2670.4081,2295.0518,578.1731,237.9364
2021-10-26,2670.4081,2294.3652,580.4099,243.3307
2021-10-27,2663.7603,2293.9971,576.4841,241.7798
2021-10-28,2664.7769,2293.8578,576.8914,239.1328
2021-10-29,2664.7769,2293.8578,576.6043,239.2230
2021-10-30,2666.3902,2293.4697,576.9534,239.3678
2021-10-31,2666.3902,2293.4697,576.9534,239.3678
2021-11-01,2666.3902,2293.4697,576.8286,241.9548
2021-11-02,2654.4368,2293.4697,576.0747,239.8819
2021-11-03,2654.4368,2292.3851,578.6238,236.5408
2021-11-04,2654.8570,2292.3851,576.3034,235.9810
2021-11-05,2649.4358,2291.8975,575.5014,236.8571
2021-11-06,2649.4358,2291.8975,575.5014,236.8571
2021-11-07,2640.3243,2291.7483,573.5222,236.0425
2021-11-08,2640.3243,2291.7483,574.5331,234.1087
2021-11-09,2640.3243,2292.3851,574.9084,234.4766
2021-11-10,2653.2088,2291.9871,575.2713,233.6332
2021-11-11,2647.4189,2291.9871,571.8461,233.0372
2021-11-12,2647.4189,2292.2060,570.2203,232.2562
2021-11-13,2625.2517,2292.2060,565.4458,230.3115
2021-11-14,2625.2517,2292.5941,565.4458,230.3115
2021-11-15,2625.2517,2292.5941,566.1042,228.9936
2021-11-16,2625.2517,2292.8428,564.0244,226.2758
2021-11-17,2625.3073,2292.9025,563.7215,221.3563
2021-11-18,2604.6232,2293.8379,559.3521,207.5033
2021-11-19,2597.1985,2292.6836,554.7436,207.3661
2021-11-20,2587.7058,2292.6836,552.7160,206.6082
2021-11-21,2587.7058,2294.6737,552.7160,206.6082
2021-11-22,2587.7058,2294.6737,550.7632,204.2163
2021-11-23,2588.1218,2294.6737,549.2735,183.1572
2021-11-24,2582.2275,2294.5344,551.7344,191.2449
2021-11-25,2571.5112,2293.7384,551.1050,190.8513
2021-11-26,2573.8051,2293.7384,546.2583,186.9927
2021-11-27,2573.8051,2294.3752,546.2583,186.9927
2021-11-28,2589.8930,2294.3752,549.6727,188.1615
2021-11-29,2589.8930,2294.3752,551.4869,180.9014
2021-11-30,2589.6897,2294.1961,555.2627,173.4067
2021-12-01,2604.4552,2293.4598,562.7239,171.7253
2021-12-02,2604.4552,2293.4399,566.7650,170.2960
2021-12-03,2597.7805,2293.8379,565.6818,166.3847
2021-12-04,2595.0263,2293.8379,565.0821,166.2083
2021-12-05,2595.0263,2294.6538,565.0821,166.2083
2021-12-06,2595.0263,2294.6538,565.0697,166.7305
2021-12-07,2591.3819,2294.6538,564.0551,168.6110
2021-12-08,2591.3819,2295.8976,563.8096,167.4063
2021-12-09,2579.0746,2291.3900,560.1204,165.1400
2021-12-10,2587.3248,2291.3900,560.9619,164.8944
2021-12-11,2587.3248,2295.0419,560.9619,164.8944
2021-12-12,2586.6275,2295.0419,560.8108,164.8499
2021-12-13,2586.6275,2295.0419,559.6217,161.1355
2021-12-14,2589.8447,2295.0419,559.3617,159.7762
2021-12-15,2597.5877,2296.6738,561.3736,156.8478
2021-12-16,2597.5877,2296.5743,561.3008,147.7379
2021-12-17,2586.9778,2296.5743,558.3084,135.3340
2021-12-18,2602.7875,2296.5743,561.7204,136.1611
2021-12-19,2602.7875,2297.2509,561.7204,136.1611
2021-12-20,2602.7875,2297.2509,561.7082,129.8576
2021-12-21,2602.7875,2297.3404,561.2480,176.9015
2021-12-22,2594.6473,2297.3404,560.1570,184.3850
2021-12-23,2594.6473,2297.6290,560.6412,205.0699
2021-12-24,2598.5379,2297.6290,562.5759,196.2612
2021-12-25,2600.2628,2297.6589,562.9493,196.3915
2021-12-26,2600.2628,2297.6589,562.9493,196.3915
2021-12-27,2600.2628,2297.6589,564.6608,202.9885
2021-12-28,2598.5023,2297.6589,564.1192,194.6138
2021-12-29,2603.7055,2297.7584,565.5680,183.9750
2021-12-30,2603.7055,2297.7584,566.5156,176.9014
2021-12-31,2606.2894,2297.7783,566.9667,171.0893
2022-01-01,2606.2894,2297.8081,566.9667,171.0893
2022-01-02,2602.6173,2297.6091,566.1679,170.8483
2022-01-03,2602.6173,2297.6091,567.0808,172.6137
2022-01-04,2602.6173,2297.5494,569.9120,171.9216
2022-01-05,2590.5902,2297.5494,567.2908,169.9349
2022-01-06,2598.3193,2297.6688,569.6320,167.0902
2022-01-07,2598.3193,2297.6390,571.1094,165.2812
2022-01-08,2599.9728,2297.7086,571.4728,165.3864
2022-01-09,2596.5367,2297.8181,570.7176,165.1678
2022-01-10,2596.5367,2297.8181,572.7570,165.1920
2022-01-11,2601.9687,2297.8181,572.6416,165.7727
2022-01-12,2604.3944,2297.8479,574.1737,167.0319
2022-01-13,2604.3944,2297.8579,574.1484,167.2228
2022-01-14,2634.4140,2297.8479,580.0885,169.6819
2022-01-15,2630.8995,2297.8877,579.3146,169.4556
2022-01-16,2630.8995,2297.9275,579.3146,169.4556
2022-01-17,2630.8995,2297.9275,581.3372,172.2278
2022-01-18,2621.5007,2297.9275,579.2092,169.7346
2022-01-19,2615.5260,2297.9474,578.2852,169.6114
2022-01-20,2607.4832,2297.9474,576.5197,171.4389
2022-01-21,2605.2985,2297.9474,574.8926,171.1423
2022-01-22,2605.4489,2297.9474,574.9258,171.1521
2022-01-23,2605.4489,2297.9773,574.9258,171.1521
2022-01-24,2605.4489,2297.9773,571.7214,171.8396
2022-01-25,2597.4510,2298.0171,567.7364,170.0760
2022-01-26,2590.3148,2298.0171,564.7817,169.4378
2022-01-27,2591.7621,2298.0071,568.4686,170.5713
2022-01-28,2591.7621,2298.0867,566.4435,171.1593
2022-01-29,2558.9440,2298.0867,559.2709,168.9920
2022-01-30,2558.9440,2298.1066,559.2709,168.9920
2022-01-31,2558.9440,2298.1066,557.6013,171.3846
2022-02-01,2564.7004,2298.1166,559.9294,170.2491
2022-02-02,2588.9326,2298.1166,569.6347,169.1991
2022-02-03,2601.0900,2298.1066,574.0020,169.9537
2022-02-04,2591.4717,2298.0867,569.8799,167.1141
2022-02-05,2626.7609,2298.1166,577.6402,169.3898
2022-02-06,2626.7609,2298.1265,577.6402,169.3898
2022-02-07,2626.7609,2298.1265,578.1742,169.2119
2022-02-08,2626.7609,2298.1265,579.7054,168.8605
2022-02-09,2633.3901,2298.1166,583.4475,169.3390
2022-02-10,2624.6801,2298.1265,584.2880,169.5114
2022-02-11,2628.4828,2298.1564,581.4713,170.6076
2022-02-12,2628.0573,2298.1365,581.3772,170.5800
2022-02-13,2620.7971,2298.1365,579.7711,170.1087
2022-02-14,2620.7971,2298.1365,577.2681,170.7248
2022-02-15,2605.7539,2298.1365,578.5935,168.4217
2022-02-16,2605.7539,2298.1763,579.5587,168.3195
2022-02-17,2612.9234,2298.1763,579.8121,168.6355
2022-02-18,2613.8314,2298.1862,578.2685,168.9853
2022-02-19,2613.8314,2298.1962,578.2685,168.9853
2022-02-20,2611.9011,2298.1962,577.8414,168.8605
2022-02-21,2611.9011,2298.1962,575.9302,168.8485
2022-02-22,2605.6256,2298.1962,573.3328,166.0068
2022-02-23,2608.0518,2298.2360,573.4377,166.2546
2022-02-24,2608.0518,2298.2459,560.2208,162.4701
2022-02-25,2566.9231,2298.2260,553.5860,165.8230
2022-02-26,2576.3683,2298.2758,555.6230,166.4331
2022-02-27,2576.3683,2298.2758,555.6230,166.4331
2022-02-28,2576.3683,2298.2758,550.0947,166.7207
2022-03-01,2576.3683,2298.3056,537.3367,165.6733
2022-03-02,2575.4824,2298.3156,536.3242,164.7992
2022-03-03,2551.6254,2298.3454,535.0329,162.6306
2022-03-04,2545.9016,2298.3454,524.6037,163.5332
2022-03-05,2512.1591,2298.3653,517.6508,161.3658
2022-03-06,2512.1591,2298.4051,517.6508,161.3658
2022-03-07,2512.1591,2298.4051,507.2507,160.4424
2022-03-08,2501.3458,2298.3952,509.4079,158.1299
2022-03-09,2506.8836,2298.4151,520.1435,155.3953
2022-03-10,2527.8102,2298.4250,524.0180,152.5166
2022-03-11,2527.8102,2298.4250,528.6094,155.5059
2022-03-12,2532.4180,2298.4450,529.5730,155.7893
2022-03-13,2532.4180,2298.4350,529.5730,155.7893
2022-03-14,2532.4180,2298.4350,536.3247,156.3221
2022-03-15,2532.4180,2298.4450,534.7731,157.3243
2022-03-16,2526.9236,2298.4450,540.3450,156.1922
2022-03-17,2526.9236,2298.4649,538.9161,154.9091
2022-03-18,2540.0468,2298.4748,538.8876,155.7795
2022-03-19,2536.3802,2298.4748,538.1097,155.5546
2022-03-20,2536.3802,2298.4848,538.1097,155.5546
2022-03-21,2536.3802,2298.4848,540.1150,154.8717
2022-03-22,2536.3802,2298.4848,541.3716,155.1948
2022-03-23,2535.0231,2298.4748,538.7705,155.4199
2022-03-24,2527.8649,2298.4848,533.0687,155.1627
2022-03-25,2526.4031,2298.4848,534.0442,154.7055
2022-03-26,2526.4031,2298.4947,534.0442,154.7055
2022-03-27,2531.6776,2298.4947,535.1592,155.0285
2022-03-28,2531.6776,2298.4947,536.5997,155.5562
2022-03-29,2531.6776,2298.4748,543.3484,155.0560
2022-03-30,2516.8322,2298.4848,539.1787,154.1270
2022-03-31,2538.9074,2298.5146,545.6378,155.9305
2022-04-01,2500.0,2325.58,540.54,157.23
2022-04-02,2500.0,2325.58,540.54,157.23
2022-04-03,2500.0,2325.58,540.54,157.23
2022-04-04,2500.0,2325.58,540.54,157.23
2022-04-05,2500.0,2325.58,540.54,157.23
2022-04-06,2500.0,2325.58,540.54,157.23
2022-04-07,2500.0,2325.58,540.54,157.23
2022-04-08,2500.0,2325.58,540.54,157.23
2022-04-09,2500.0,2325.58,540.54,157.23
2022-04-10,2500.0,2325.58,540.54,157.23
2022-04-11,2500.0,2325.58,540.54,157.23
2022-04-12,2500.0,2325.58,540.54,157.23
2022-04-13,2500.0,2325.58,540.54,157.23
2022-04-14,2500.0,2325.58,540.54,157.23
2022-04-15,2500.0,2325.58,540.54,157.23
2022-04-16,2500.0,2325.58,540.54,157.23
2022-04-17,2500.0,2325.58,540.54,157.23
2022-04-18,2500.0,2325.58,540.54,157.23
2022-04-19,2500.0,2325.58,540.54,157.23
2022-04-20,2500.0,2325.58,540.54,157.23
2022-04-21,2500.0,2325.58,540.54,157.23
2022-04-22,2500.0,2325.58,540.54,157.23
2022-04-23,2500.0,2325.58,540.54,157.23
2022-04-24,2500.0,2325.58,540.54,157.23
2022-04-25,2500.0,2325.58,540.54,157.23
2022-04-26,2500.0,2325.58,540.54,157.23
2022-04-27,2500.0,2325.58,540.54,157.23
2022-04-28,2500.0,2325.58,540.54,157.23
2022-04-29,2500.0,2325.58,540.54,157.23
2022-04-30,2500.0,2325.58,540.54,157.23
2022-05-01,2439.02,2325.58,529.1,148.59
2022-05-02,2439.02,2325.58,529.1,148.59
2022-05-03,2439.02,2325.58,529.1,148.59
2022-05-04,2439.02,2325.58,529.1,148.59
2022-05-05,2439.02,2325.58,529.1,148.59
2022-05-06,2439.02,2325.58,529.1,148.59
2022-05-07,2439.02,2325.58,529.1,148.59
2022-05-08,2439.02,2325.58,529.1,148.59
2022-05-09,2439.02,2325.58,529.1,148.59
2022-05-10,2439.02,2325.58,529.1,148.59
2022-05-11,2439.02,2325.58,529.1,148.59
2022-05-12,2439.02,2325.58,529.1,148.59
2022-05-13,2439.02,2325.58,529.1,148.59
2022-05-14,2439.02,2325.58,529.1,148.59
2022-05-15,2439.02,2325.58,529.1,148.59
2022-05-16,2439.02,2325.58,529.1,148.59
2022-05-17,2439.02,2325.58,529.1,148.59
2022-05-18,2439.02,2325.58,529.1,148.59
2022-05-19,2439.02,2325.58,529.1,148.59
2022-05-20,2439.02,2325.58,529.1,148.59
2022-05-21,2439.02,2325.58,529.1,148.59
2022-05-22,2439.02,2325.58,529.1,148.59
2022-05-23,2439.02,2325.58,529.1,148.59
2022-05-24,2439.02,2325.58,529.1,148.59
2022-05-25,2439.02,2325.58,529.1,148.59
2022-05-26,2439.02,2325.58,529.1,148.59
2022-05-27,2439.02,2325.58,529.1,148.59
2022-05-28,2439.02,2325.58,529.1,148.59
2022-05-29,2439.02,2325.58,529.1,148.59
2022-05-30,2439.02,2325.58,529.1,148.59
2022-05-31,2439.02,2325.58,529.1,148.59
2022-06-01,2439.02,2325.58,529.1,137.17
2022-06-02,2439.02,2325.58,529.1,137.17
2022-06-03,2439.02,2325.58,529.1,137.17
2022-06-04,2439.02,2325.58,529.1,137.17
2022-06-05,2439.02,2325.58,529.1,137.17
2022-06-06,2439.02,2325.58,529.1,137.17
2022-06-07,2439.02,2325.58,529.1,137.17
2022-06-08,2439.02,2325.58,529.1,137.17
2022-06-09,2439.02,2325.58,529.1,137.17
2022-06-10,2439.02,2325.58,529.1,137.17
2022-06-11,2439.02,2325.58,529.1,137.17
2022-06-12,2439.02,2325.58,529.1,137.17
2022-06-13,2439.02,2325.58,529.1,137.17
2022-06-14,2439.02,2325.58,529.1,137.17
2022-06-15,2439.02,2325.58,529.1,137.17
2022-06-16,2439.02,2325.58,529.1,137.17
2022-06-17,2439.02,2325.58,529.1,137.17
2022-06-18,2439.02,2325.58,529.1,137.17
2022-06-19,2439.02,2325.58,529.1,137.17
2022-06-20,2439.02,2325.58,529.1,137.17
2022-06-21,2439.02,2325.58,529.1,137.17
2022-06-22,2439.02,2325.58,529.1,137.17
2022-06-23,2439.02,2325.58,529.1,137.17
2022-06-24,2439.02,2325.58,529.1,137.17
2022-06-25,2439.02,2325.58,529.1,137.17
2022-06-26,2439.02,2325.58,529.1,137.17
2022-06-27,2439.02,2325.58,529.1,137.17
2022-06-28,2439.02,2325.58,529.1,137.17
2022-06-29,2439.02,2325.58,529.1,137.17
2022-06-30,2439.02,2325.58,529.1,137.17
2022-07-01,2380.95,2325.58,495.05,132.98
2022-07-02,2380.95,2325.58,495.05,132.98
2022-07-03,2380.95,2325.58,495.05,132.98
2022-07-04,2380.95,2325.58,495.05,132.98
2022-07-05,2380.95,2325.58,495.05,132.98
2022-07-06,2380.95,2325.58,495.05,132.98
2022-07-07,2380.95,2325.58,495.05,132.98
2022-07-08,2380.95,2325.58,495.05,132.98
2022-07-09,2380.95,2325.58,495.05,132.98
2022-07-10,2380.95,2325.58,495.05,132.98
2022-07-11,2380.95,2325.58,495.05,132.98
2022-07-12,2380.95,2325.58,495.05,132.98
2022-07-13,2380.95,2325.58,495.05,132.98
2022-07-14,2380.95,2325.58,495.05,132.98
2022-07-15,2380.95,2325.58,495.05,132.98
2022-07-16,2380.95,2325.58,495.05,132.98
2022-07-17,2380.95,2325.58,495.05,132.98
2022-07-18,2380.95,2325.58,495.05,132.98
2022-07-19,2380.95,2325.58,495.05,132.98
2022-07-20,2380.95,2325.58,495.05,132.98
2022-07-21,2380.95,2325.58,495.05,132.98
2022-07-22,2380.95,2325.58,495.05,132.98
2022-07-23,2380.95,2325.58,495.05,132.98
2022-07-24,2380.95,2325.58,495.05,132.98
2022-07-25,2380.95,2325.58,495.05,132.98
2022-07-26,2380.95,2325.58,495.05,132.98
2022-07-27,2380.95,2325.58,495.05,132.98
2022-07-28,2380.95,2325.58,495.05,132.98
2022-07-29,2380.95,2325.58,495.05,132.98
2022-07-30,2380.95,2325.58,495.05,132.98
2022-07-31,2380.95,2325.58,495.05,132.98
2022-08-01,2380.95,2325.58,500.0,129.03
2022-08-02,2380.95,2325.58,500.0,129.03
2022-08-03,2380.95,2325.58,500.0,129.03
2022-08-04,2380.95,2325.58,500.0,129.03
2022-08-05,2380.95,2325.58,500.0,129.03
2022-08-06,2380.95,2325.58,500.0,129.03
2022-08-07,2380.95,2325.58,500.0,129.03
2022-08-08,2380.95,2325.58,500.0,129.03
2022-08-09,2380.95,2325.58,500.0,129.03
2022-08-10,2380.95,2325.58,500.0,129.03
2022-08-11,2380.95,2325.58,500.0,129.03
2022-08-12,2380.95,2325.58,500.0,129.03
2022-08-13,2380.95,2325.58,500.0,129.03
2022-08-14,2380.95,2325.58,500.0,129.03
2022-08-15,2380.95,2325.58,500.0,129.03
2022-08-16,2380.95,2325.58,500.0,129.03
2022-08-17,2380.95,2325.58,500.0,129.03
2022-08-18,2380.95,2325.58,500.0,129.03
2022-08-19,2380.95,2325.58,500.0,129.03
2022-08-20,2380.95,2325.58,500.0,129.03
2022-08-21,2380.95,2325.58,500.0,129.03
2022-08-22,2380.95,2325.58,500.0,129.03
2022-08-23,2380.95,2325.58,500.0,129.03
2022-08-24,2380.95,2325.58,500.0,129.03
2022-08-25,2380.95,2325.58,500.0,129.03
2022-08-26,2380.95,2325.58,500.0,129.03
2022-08-27,2380.95,2325.58,500.0,129.03
2022-08-28,2380.95,2325.58,500.0,129.03
2022-08-29,2380.95,2325.58,500.0,129.03
2022-08-30,2380.95,2325.58,500.0,129.03
2022-08-31,2380.95,2325.58,500.0,129.03
2022-09-01,2325.58,2325.58,485.44,126.74
2022-09-02,2325.58,2325.58,485.44,126.74
2022-09-03,2325.58,2325.58,485.44,126.74
2022-09-04,2325.58,2325.58,485.44,126.74
2022-09-05,2325.58,2325.58,485.44,126.74
2022-09-06,2325.58,2325.58,485.44,126.74
2022-09-07,2325.58,2325.58,485.44,126.74
2022-09-08,2325.58,2325.58,485.44,126.74
2022-09-09,2325.58,2325.58,485.44,126.74
2022-09-10,2325.58,2325.58,485.44,126.74
2022-09-11,2325.58,2325.58,485.44,126.74
2022-09-12,2325.58,2325.58,485.44,126.74
2022-09-13,2325.58,2325.58,485.44,126.74
2022-09-14,2325.58,2325.58,485.44,126.74
2022-09-15,2325.58,2325.58,485.44,126.74
2022-09-16,2325.58,2325.58,485.44,126.74
2022-09-17,2325.58,2325.58,485.44,126.74
2022-09-18,2325.58,2325.58,485.44,126.74
2022-09-19,2325.58,2325.58,485.44,126.74
2022-09-20,2325.58,2325.58,485.44,126.74
2022-09-21,2325.58,2325.58,485.44,126.74
2022-09-22,2325.58,2325.58,485.44,126.74
2022-09-23,2325.58,2325.58,485.44,126.74
2022-09-24,2325.58,2325.58,485.44,126.74
2022-09-25,2325.58,2325.58,485.44,126.74
2022-09-26,2325.58,2325.58,485.44,126.74
2022-09-27,2325.58,2325.58,485.44,126.74
2022-09-28,2325.58,2325.58,485.44,126.74
2022-09-29,2325.58,2325.58,485.44,126.74
2022-09-30,2325.58,2325.58,485.44,126.74
2022-10-01,2272.73,2325.58,478.47,125.63
2022-10-02,2272.73,2325.58,478.47,125.63
2022-10-03,2272.73,2325.58,478.47,125.63
2022-10-04,2272.73,2325.58,478.47,125.63
2022-10-05,2272.73,2325.58,478.47,125.63
2022-10-06,2272.73,2325.58,478.47,125.63
2022-10-07,2272.73,2325.58,478.47,125.63
2022-10-08,2272.73,2325.58,478.47,125.63
2022-10-09,2272.73,2325.58,478.47,125.63
2022-10-10,2272.73,2325.58,478.47,125.63
2022-10-11,2272.73,2325.58,478.47,125.63
2022-10-12,2272.73,2325.58,478.47,125.63
2022-10-13,2272.73,2325.58,478.47,125.63
2022-10-14,2272.73,2325.58,478.47,125.63
2022-10-15,2272.73,2325.58,478.47,125.63
2022-10-16,2272.73,2325.58,478.47,125.63
2022-10-17,2272.73,2325.58,478.47,125.63
2022-10-18,2272.73,2325.58,478.47,125.63
2022-10-19,2272.73,2325.58,478.47,125.63
2022-10-20,2272.73,2325.58,478.47,125.63
2022-10-21,2272.73,2325.58,478.47,125.63
2022-10-22,2272.73,2325.58,478.47,125.63
2022-10-23,2272.73,2325.58,478.47,125.63
2022-10-24,2272.73,2325.58,478.47,125.63
2022-10-25,2272.73,2325.58,478.47,125.63
2022-10-26,2272.73,2325.58,478.47,125.63
2022-10-27,2272.73,2325.58,478.47,125.63
2022-10-28,2272.73,2325.58,478.47,125.63
2022-10-29,2272.73,2325.58,478.47,125.63
2022-10-30,2272.73,2325.58,478.47,125.63
2022-10-31,2272.73,2325.58,478.47,125.63
2022-11-01,2380.95,2325.58,507.61,125.31
2022-11-02,2380.95,2325.58,507.61,125.31
2022-11-03,2380.95,2325.58,507.61,125.31
2022-11-04,2380.95,2325.58,507.61,125.31
2022-11-05,2380.95,2325.58,507.61,125.31
2022-11-06,2380.95,2325.58,507.61,125.31
2022-11-07,2380.95,2325.58,507.61,125.31
2022-11-08,2380.95,2325.58,507.61,125.31
2022-11-09,2380.95,2325.58,507.61,125.31
2022-11-10,2380.95,2325.58,507.61,125.31
2022-11-11,2380.95,2325.58,507.61,125.31
2022-11-12,2380.95,2325.58,507.61,125.31
2022-11-13,2380.95,2325.58,507.61,125.31
2022-11-14,2380.95,2325.58,507.61,125.31
2022-11-15,2380.95,2325.58,507.61,125.31
2022-11-16,2380.95,2325.58,507.61,125.31
2022-11-17,2380.95,2325.58,507.61,125.31
2022-11-18,2380.95,2325.58,507.61,125.31
2022-11-19,2380.95,2325.58,507.61,125.31
2022-11-20,2380.95,2325.58,507.61,125.31
2022-11-21,2380.95,2325.58,507.61,125.31
2022-11-22,2380.95,2325.58,507.61,125.31
2022-11-23,2380.95,2325.58,507.61,125.31
2022-11-24,2380.95,2325.58,507.61,125.31
2022-11-25,2380.95,2325.58,507.61,125.31
2022-11-26,2380.95,2325.58,507.61,125.31
2022-11-27,2380.95,2325.58,507.61,125.31
2022-11-28,2380.95,2325.58,507.61,125.31
2022-11-29,2380.95,2325.58,507.61,125.31
2022-11-30,2380.95,2325.58,507.61,125.31
2022-12-01,2439.02,2325.58,526.32,125.0
2022-12-02,2439.02,2325.58,526.32,125.0
2022-12-03,2439.02,2325.58,526.32,125.0
2022-12-04,2439.02,2325.58,526.32,125.0
2022-12-05,2439.02,2325.58,526.32,125.0
2022-12-06,2439.02,2325.58,526.32,125.0
2022-12-07,2439.02,2325.58,526.32,125.0
2022-12-08,2439.02,2325.58,526.32,125.0
2022-12-09,2439.02,2325.58,526.32,125.0
2022-12-10,2439.02,2325.58,526.32,125.0
2022-12-11,2439.02,2325.58,526.32,125.0
2022-12-12,2439.02,2325.58,526.32,125.0
2022-12-13,2439.02,2325.58,526.32,125.0
2022-12-14,2439.02,2325.58,526.32,125.0
2022-12-15,2439.02,2325.58,526.32,125.0
2022-12-16,2439.02,2325.58,526.32,125.0
2022-12-17,2439.02,2325.58,526.32,125.0
2022-12-18,2439.02,2325.58,526.32,125.0
2022-12-19,2439.02,2325.58,526.32,125.0
2022-12-20,2439.02,2325.58,526.32,125.0
2022-12-21,2439.02,2325.58,526.32,125.0
2022-12-22,2439.02,2325.58,526.32,125.0
2022-12-23,2439.02,2325.58,526.32,125.0
2022-12-24,2439.02,2325.58,526.32,125.0
2022-12-25,2439.02,2325.58,526.32,125.0
2022-12-26,2439.02,2325.58,526.32,125.0
2022-12-27,2439.02,2325.58,526.32,125.0
2022-12-28,2439.02,2325.58,526.32,125.0
2022-12-29,2439.02,2325.58,526.32,125.0
2022-12-30,2439.02,2325.58,526.32,125.0
2022-12-31,2439.02,2325.58,526.32,125.0
2023-01-01,2500.0,2325.58,534.76,124.22
2023-01-02,2500.0,2325.58,534.76,124.22
2023-01-03,2500.0,2325.58,534.76,124.22
2023-01-04,2500.0,2325.58,534.76,124.22
2023-01-05,2500.0,2325.58,534.76,124.22
2023-01-06,2500.0,2325.58,534.76,124.22
2023-01-07,2500.0,2325.58,534.76,124.22
2023-01-08,2500.0,2325.58,534.76,124.22
2023-01-09,2500.0,2325.58,534.76,124.22
2023-01-10,2500.0,2325.58,534.76,124.22
2023-01-11,2500.0,2325.58,534.76,124.22
2023-01-12,2500.0,2325.58,534.76,124.22
2023-01-13,2500.0,2325.58,534.76,124.22
2023-01-14,2500.0,2325.58,534.76,124.22
2023-01-15,2500.0,2325.58,534.76,124.22
2023-01-16,2500.0,2325.58,534.76,124.22
2023-01-17,2500.0,2325.58,534.76,124.22
2023-01-18,2500.0,2325.58,534.76,124.22
2023-01-19,2500.0,2325.58,534.76,124.22
2023-01-20,2500.0,2325.58,534.76,124.22
2023-01-21,2500.0,2325.58,534.76,124.22
2023-01-22,2500.0,2325.58,534.76,124.22
2023-01-23,2500.0,2325.58,534.76,124.22
2023-01-24,2500.0,2325.58,534.76,124.22
2023-01-25,2500.0,2325.58,534.76,124.22
2023-01-26,2500.0,2325.58,534.76,124.22
2023-01-27,2500.0,2325.58,534.76,124.22
2023-01-28,2500.0,2325.58,534.76,124.22
2023-01-29,2500.0,2325.58,534.76,124.22
2023-01-30,2500.0,2325.58,534.76,124.22
2023-01-31,2500.0,2325.58,534.76,124.22
2023-02-01,2500.0,2325.58,529.1,124.22
2023-02-02,2500.0,2325.58,529.1,124.22
2023-02-03,2500.0,2325.58,529.1,124.22
2023-02-04,2500.0,2325.58,529.1,124.22
2023-02-05,2500.0,2325.58,529.1,124.22
2023-02-06,2500.0,2325.58,529.1,124.22
2023-02-07,2500.0,2325.58,529.1,124.22
2023-02-08,2500.0,2325.58,529.1,124.22
2023-02-09,2500.0,2325.58,529.1,124.22
2023-02-10,2500.0,2325.58,529.1,124.22
2023-02-11,2500.0,2325.58,529.1,124.22
2023-02-12,2500.0,2325.58,529.1,124.22
2023-02-13,2500.0,2325.58,529.1,124.22
2023-02-14,2500.0,2325.58,529.1,124.22
2023-02-15,2500.0,2325.58,529.1,124.22
2023-02-16,2500.0,2325.58,529.1,124.22
2023-02-17,2500.0,2325.58,529.1,124.22
2023-02-18,2500.0,2325.58,529.1,124.22
2023-02-19,2500.0,2325.58,529.1,124.22
2023-02-20,2500.0,2325.58,529.1,124.22
2023-02-21,2500.0,2325.58,529.1,124.22
2023-02-22,2500.0,2325.58,529.1,124.22
2023-02-23,2500.0,2325.58,529.1,124.22
2023-02-24,2500.0,2325.58,529.1,124.22
2023-02-25,2500.0,2325.58,529.1,124.22
2023-02-26,2500.0,2325.58,529.1,124.22
2023-02-27,2500.0,2325.58,529.1,124.22
2023-02-28,2500.0,2325.58,529.1,124.22
2023-03-01,2500.0,2325.58,534.76,123.0
2023-03-02,2500.0,2325.58,534.76,123.0
2023-03-03,2500.0,2325.58,534.76,123.0
2023-03-04,2500.0,2325.58,534.76,123.0
2023-03-05,2500.0,2325.58,534.76,123.0
2023-03-06,2500.0,2325.58,534.76,123.0
2023-03-07,2500.0,2325.58,534.76,123.0
2023-03-08,2500.0,2325.58,534.76,123.0
2023-03-09,2500.0,2325.58,534.76,123.0
2023-03-10,2500.0,2325.58,534.76,123.0
2023-03-11,2500.0,2325.58,534.76,123.0
2023-03-12,2500.0,2325.58,534.76,123.0
2023-03-13,2500.0,2325.58,534.76,123.0
2023-03-14,2500.0,2325.58,534.76,123.0
2023-03-15,2500.0,2325.58,534.76,123.0
2023-03-16,2500.0,2325.58,534.76,123.0
2023-03-17,2500.0,2325.58,534.76,123.0
2023-03-18,2500.0,2325.58,534.76,123.0
2023-03-19,2500.0,2325.58,534.76,123.0
2023-03-20,2500.0,2325.58,534.76,123.0
2023-03-21,2500.0,2325.58,534.76,123.0
2023-03-22,2500.0,2325.58,534.76,123.0
2023-03-23,2500.0,2325.58,534.76,123.0
2023-03-24,2500.0,2325.58,534.76,123.0
2023-03-25,2500.0,2325.58,534.76,123.0
2023-03-26,2500.0,2325.58,534.76,123.0
2023-03-27,2500.0,2325.58,534.76,123.0
2023-03-28,2500.0,2325.58,534.76,123.0
2023-03-29,2500.0,2325.58,534.76,123.0
2023-03-30,2500.0,2325.58,534.76,123.0
2023-03-31,2500.0,2325.58,534.76,123.0
2023-04-01,2564.1,2325.58,555.56,121.21
2023-04-02,2564.1,2325.58,555.56,121.21
2023-04-03,2564.1,2325.58,555.56,121.21
2023-04-04,2564.1,2325.58,555.56,121.21
2023-04-05,2564.1,2325.58,555.56,121.21
2023-04-06,2564.1,2325.58,555.56,121.21
2023-04-07,2564.1,2325.58,555.56,121.21
2023-04-08,2564.1,2325.58,555.56,121.21
2023-04-09,2564.1,2325.58,555.56,121.21
2023-04-10,2564.1,2325.58,555.56,121.21
2023-04-11,2564.1,2325.58,555.56,121.21
2023-04-12,2564.1,2325.58,555.56,121.21
2023-04-13,2564.1,2325.58,555.56,121.21
2023-04-14,2564.1,2325.58,555.56,121.21
2023-04-15,2564.1,2325.58,555.56,121.21
2023-04-16,2564.1,2325.58,555.56,121.21
2023-04-17,2564.1,2325.58,555.56,121.21
2023-04-18,2564.1,2325.58,555.56,121.21
2023-04-19,2564.1,2325.58,555.56,121.21
2023-04-20,2564.1,2325.58,555.56,121.21
2023-04-21,2564.1,2325.58,555.56,121.21
2023-04-22,2564.1,2325.58,555.56,121.21
2023-04-23,2564.1,2325.58,555.56,121.21
2023-04-24,2564.1,2325.58,555.56,121.21
2023-04-25,2564.1,2325.58,555.56,121.21
2023-04-26,2564.1,2325.58,555.56,121.21
2023-04-27,2564.1,2325.58,555.56,121.21
2023-04-28,2564.1,2325.58,555.56,121.21
2023-04-29,2564.1,2325.58,555.56,121.21
2023-04-30,2564.1,2325.58,555.56,121.21
2023-05-01,2564.1,2325.58,564.97,119.33
2023-05-02,2564.1,2325.58,564.97,119.33
2023-05-03,2564.1,2325.58,564.97,119.33
2023-05-04,2564.1,2325.58,564.97,119.33
2023-05-05,2564.1,2325.58,564.97,119.33
2023-05-06,2564.1,2325.58,564.97,119.33
2023-05-07,2564.1,2325.58,564.97,119.33
2023-05-08,2564.1,2325.58,564.97,119.33
2023-05-09,2564.1,2325.58,564.97,119.33
2023-05-10,2564.1,2325.58,564.97,119.33
2023-05-11,2564.1,2325.58,564.97,119.33
2023-05-12,2564.1,2325.58,564.97,119.33
2023-05-13,2564.1,2325.58,564.97,119.33
2023-05-14,2564.1,2325.58,564.97,119.33
2023-05-15,2564.1,2325.58,564.97,119.33
2023-05-16,2564.1,2325.58,564.97,119.33
2023-05-17,2564.1,2325.58,564.97,119.33
2023-05-18,2564.1,2325.58,564.97,119.33
2023-05-19,2564.1,2325.58,564.97,119.33
2023-05-20,2564.1,2325.58,564.97,119.33
2023-05-21,2564.1,2325.58,564.97,119.33
2023-05-22,2564.1,2325.58,564.97,119.33
2023-05-23,2564.1,2325.58,564.97,119.33
2023-05-24,2564.1,2325.58,564.97,119.33
2023-05-25,2564.1,2325.58,564.97,119.33
2023-05-26,2564.1,2325.58,564.97,119.33
2023-05-27,2564.1,2325.58,564.97,119.33
2023-05-28,2564.1,2325.58,564.97,119.33
2023-05-29,2564.1,2325.58,564.97,119.33
2023-05-30,2564.1,2325.58,564.97,119.33
2023-05-31,2564.1,2325.58,564.97,119.33
2023-06-01,2564.1,2380.95,581.4,100.7
2023-06-02,2564.1,2380.95,581.4,100.7
2023-06-03,2564.1,2380.95,581.4,100.7
2023-06-04,2564.1,2380.95,581.4,100.7
2023-06-05,2564.1,2380.95,581.4,100.7
2023-06-06,2564.1,2380.95,581.4,100.7
2023-06-07,2564.1,2380.95,581.4,100.7
2023-06-08,2564.1,2380.95,581.4,100.7
2023-06-09,2564.1,2380.95,581.4,100.7
2023-06-10,2564.1,2380.95,581.4,100.7
2023-06-11,2564.1,2380.95,581.4,100.7
2023-06-12,2564.1,2380.95,581.4,100.7
2023-06-13,2564.1,2380.95,581.4,100.7
2023-06-14,2564.1,2380.95,581.4,100.7
2023-06-15,2564.1,2380.95,581.4,100.7
2023-06-16,2564.1,2380.95,581.4,100.7
2023-06-17,2564.1,2380.95,581.4,100.7
2023-06-18,2564.1,2380.95,581.4,100.7
2023-06-19,2564.1,2380.95,581.4,100.7
2023-06-20,2564.1,2380.95,581.4,100.7
2023-06-21,2564.1,2380.95,581.4,100.7
2023-06-22,2564.1,2380.95,581.4,100.7
2023-06-23,2564.1,2380.95,581.4,100.7
2023-06-24,2564.1,2380.95,581.4,100.7
2023-06-25,2564.1,2380.95,581.4,100.7
2023-06-26,2564.1,2380.95,581.4,100.7
2023-06-27,2564.1,2380.95,581.4,100.7
2023-06-28,2564.1,2380.95,581.4,100.7
2023-06-29,2564.1,2380.95,581.4,100.7
2023-06-30,2564.1,2380.95,581.4,100.7
2023-07-01,2631.58,2439.02,606.06,91.74
2023-07-02,2631.58,2439.02,606.06,91.74
2023-07-03,2631.58,2439.02,606.06,91.74
2023-07-04,2631.58,2439.02,606.06,91.74
2023-07-05,2631.58,2439.02,606.06,91.74
2023-07-06,2631.58,2439.02,606.06,91.74
2023-07-07,2631.58,2439.02,606.06,91.74
2023-07-08,2631.58,2439.02,606.06,91.74
2023-07-09,2631.58,2439.02,606.06,91.74
2023-07-10,2631.58,2439.02,606.06,91.74
2023-07-11,2631.58,2439.02,606.06,91.74
2023-07-12,2631.58,2439.02,606.06,91.74
2023-07-13,2631.58,2439.02,606.06,91.74
2023-07-14,2631.58,2439.02,606.06,91.74
2023-07-15,2631.58,2439.02,606.06,91.74
2023-07-16,2631.58,2439.02,606.06,91.74
2023-07-17,2631.58,2439.02,606.06,91.74
2023-07-18,2631.58,2439.02,606.06,91.74
2023-07-19,2631.58,2439.02,606.06,91.74
2023-07-20,2631.58,2439.02,606.06,91.74
2023-07-21,2631.58,2439.02,606.06,91.74
2023-07-22,2631.58,2439.02,606.06,91.74
2023-07-23,2631.58,2439.02,606.06,91.74
2023-07-24,2631.58,2439.02,606.06,91.74
2023-07-25,2631.58,2439.02,606.06,91.74
2023-07-26,2631.58,2439.02,606.06,91.74
2023-07-27,2631.58,2439.02,606.06,91.74
2023-07-28,2631.58,2439.02,606.06,91.74
2023-07-29,2631.58,2439.02,606.06,91.74
2023-07-30,2631.58,2439.02,606.06,91.74
2023-07-31,2631.58,2439.02,606.06,91.74
2023-08-01,2702.7,2500.0,609.76,92.34
2023-08-02,2702.7,2500.0,609.76,92.34
2023-08-03,2702.7,2500.0,609.76,92.34
2023-08-04,2702.7,2500.0,609.76,92.34
2023-08-05,2702.7,2500.0,609.76,92.34
2023-08-06,2702.7,2500.0,609.76,92.34
2023-08-07,2702.7,2500.0,609.76,92.34
2023-08-08,2702.7,2500.0,609.76,92.34
2023-08-09,2702.7,2500.0,609.76,92.34
2023-08-10,2702.7,2500.0,609.76,92.34
2023-08-11,2702.7,2500.0,609.76,92.34
2023-08-12,2702.7,2500.0,609.76,92.34
2023-08-13,2702.7,2500.0,609.76,92.34
2023-08-14,2702.7,2500.0,609.76,92.34
2023-08-15,2702.7,2500.0,609.76,92.34
2023-08-16,2702.7,2500.0,609.76,92.34
2023-08-17,2702.7,2500.0,609.76,92.34
2023-08-18,2702.7,2500.0,609.76,92.34
2023-08-19,2702.7,2500.0,609.76,92.34
2023-08-20,2702.7,2500.0,609.76,92.34
2023-08-21,2702.7,2500.0,609.76,92.34
2023-08-22,2702.7,2500.0,609.76,92.34
2023-08-23,2702.7,2500.0,609.76,92.34
2023-08-24,2702.7,2500.0,609.76,92.34
2023-08-25,2702.7,2500.0,609.76,92.34
2023-08-26,2702.7,2500.0,609.76,92.34
2023-08-27,2702.7,2500.0,609.76,92.34
2023-08-28,2702.7,2500.0,609.76,92.34
2023-08-29,2702.7,2500.0,609.76,92.34
2023-08-30,2702.7,2500.0,609.76,92.34
2023-08-31,2702.7,2500.0,609.76,92.34
2023-09-01,2631.58,2500.0,581.4,92.59
2023-09-02,2631.58,2500.0,581.4,92.59
2023-09-03,2631.58,2500.0,581.4,92.59
2023-09-04,2631.58,2500.0,581.4,92.59
2023-09-05,2631.58,2500.0,581.4,92.59
2023-09-06,2631.58,2500.0,581.4,92.59
2023-09-07,2631.58,2500.0,581.4,92.59
2023-09-08,2631.58,2500.0,581.4,92.59
2023-09-09,2631.58,2500.0,581.4,92.59
2023-09-10,2631.58,2500.0,581.4,92.59
2023-09-11,2631.58,2500.0,581.4,92.59
2023-09-12,2631.58,2500.0,581.4,92.59
2023-09-13,2631.58,2500.0,581.4,92.59
2023-09-14,2631.58,2500.0,581.4,92.59
2023-09-15,2631.58,2500.0,581.4,92.59
2023-09-16,2631.58,2500.0,581.4,92.59
2023-09-17,2631.58,2500.0,581.4,92.59
2023-09-18,2631.58,2500.0,581.4,92.59
2023-09-19,2631.58,2500.0,581.4,92.59
2023-09-20,2631.58,2500.0,581.4,92.59
2023-09-21,2631.58,2500.0,581.4,92.59
2023-09-22,2631.58,2500.0,581.4,92.59
2023-09-23,2631.58,2500.0,581.4,92.59
2023-09-24,2631.58,2500.0,581.4,92.59
2023-09-25,2631.58,2500.0,581.4,92.59
2023-09-26,2631.58,2500.0,581.4,92.59
2023-09-27,2631.58,2500.0,581.4,92.59
2023-09-28,2631.58,2500.0,581.4,92.59
2023-09-29,2631.58,2500.0,581.4,92.59
2023-09-30,2631.58,2500.0,581.4,92.59
2023-10-01,2631.58,2500.0,588.24,89.93
2023-10-02,2631.58,2500.0,588.24,89.93
2023-10-03,2631.58,2500.0,588.24,89.93
2023-10-04,2631.58,2500.0,588.24,89.93
2023-10-05,2631.58,2500.0,588.24,89.93
2023-10-06,2631.58,2500.0,588.24,89.93
2023-10-07,2631.58,2500.0,588.24,89.93
2023-10-08,2631.58,2500.0,588.24,89.93
2023-10-09,2631.58,2500.0,588.24,89.93
2023-10-10,2631.58,2500.0,588.24,89.93
2023-10-11,2631.58,2500.0,588.24,89.93
2023-10-12,2631.58,2500.0,588.24,89.93
2023-10-13,2631.58,2500.0,588.24,89.93
2023-10-14,2631.58,2500.0,588.24,89.93
2023-10-15,2631.58,2500.0,588.24,89.93
2023-10-16,2631.58,2500.0,588.24,89.93
2023-10-17,2631.58,2500.0,588.24,89.93
2023-10-18,2631.58,2500.0,588.24,89.93
2023-10-19,2631.58,2500.0,588.24,89.93
2023-10-20,2631.58,2500.0,588.24,89.93
2023-10-21,2631.58,2500.0,588.24,89.93
2023-10-22,2631.58,2500.0,588.24,89.93
2023-10-23,2631.58,2500.0,588.24,89.93
2023-10-24,2631.58,2500.0,588.24,89.93
2023-10-25,2631.58,2500.0,588.24,89.93
2023-10-26,2631.58,2500.0,588.24,89.93
2023-10-27,2631.58,2500.0,588.24,89.93
2023-10-28,2631.58,2500.0,588.24,89.93
2023-10-29,2631.58,2500.0,588.24,89.93
2023-10-30,2631.58,2500.0,588.24,89.93
2023-10-31,2631.58,2500.0,588.24,89.93
2023-11-01,2702.7,2500.0,617.28,87.57
2023-11-02,2702.7,2500.0,617.28,87.57
2023-11-03,2702.7,2500.0,617.28,87.57
2023-11-04,2702.7,2500.0,617.28,87.57
2023-11-05,2702.7,2500.0,617.28,87.57
2023-11-06,2702.7,2500.0,617.28,87.57
2023-11-07,2702.7,2500.0,617.28,87.57
2023-11-08,2702.7,2500.0,617.28,87.57
2023-11-09,2702.7,2500.0,617.28,87.57
2023-11-10,2702.7,2500.0,617.28,87.57
2023-11-11,2702.7,2500.0,617.28,87.57
2023-11-12,2702.7,2500.0,617.28,87.57
2023-11-13,2702.7,2500.0,617.28,87.57
2023-11-14,2702.7,2500.0,617.28,87.57
2023-11-15,2702.7,2500.0,617.28,87.57
2023-11-16,2702.7,2500.0,617.28,87.57
2023-11-17,2702.7,2500.0,617.28,87.57
2023-11-18,2702.7,2500.0,617.28,87.57
2023-11-19,2702.7,2500.0,617.28,87.57
2023-11-20,2702.7,2500.0,617.28,87.57
2023-11-21,2702.7,2500.0,617.28,87.57
2023-11-22,2702.7,2500.0,617.28,87.57
2023-11-23,2702.7,2500.0,617.28,87.57
2023-11-24,2702.7,2500.0,617.28,87.57
2023-11-25,2702.7,2500.0,617.28,87.57
2023-11-26,2702.7,2500.0,617.28,87.57
2023-11-27,2702.7,2500.0,617.28,87.57
2023-11-28,2702.7,2500.0,617.28,87.57
2023-11-29,2702.7,2500.0,617.28,87.57
2023-11-30,2702.7,2500.0,617.28,87.57
2023-12-01,2702.7,2500.0,632.91,86.21
2023-12-02,2702.7,2500.0,632.91,86.21
2023-12-03,2702.7,2500.0,632.91,86.21
2023-12-04,2702.7,2500.0,632.91,86.21
2023-12-05,2702.7,2500.0,632.91,86.21
2023-12-06,2702.7,2500.0,632.91,86.21
2023-12-07,2702.7,2500.0,632.91,86.21
2023-12-08,2702.7,2500.0,632.91,86.21
2023-12-09,2702.7,2500.0,632.91,86.21
2023-12-10,2702.7,2500.0,632.91,86.21
2023-12-11,2702.7,2500.0,632.91,86.21
2023-12-12,2702.7,2500.0,632.91,86.21
2023-12-13,2702.7,2500.0,632.91,86.21
2023-12-14,2702.7,2500.0,632.91,86.21
2023-12-15,2702.7,2500.0,632.91,86.21
2023-12-16,2702.7,2500.0,632.91,86.21
2023-12-17,2702.7,2500.0,632.91,86.21
2023-12-18,2702.7,2500.0,632.91,86.21
2023-12-19,2702.7,2500.0,632.91,86.21
2023-12-20,2702.7,2500.0,632.91,86.21
2023-12-21,2702.7,2500.0,632.91,86.21
2023-12-22,2702.7,2500.0,632.91,86.21
2023-12-23,2702.7,2500.0,632.91,86.21
2023-12-24,2702.7,2500.0,632.91,86.21
2023-12-25,2702.7,2500.0,632.91,86.21
2023-12-26,2702.7,2500.0,632.91,86.21
2023-12-27,2702.7,2500.0,632.91,86.21
2023-12-28,2702.7,2500.0,632.91,86.21
2023-12-29,2702.7,2500.0,632.91,86.21
2023-12-30,2702.7,2500.0,632.91,86.21
2023-12-31,2702.7,2500.0,632.91,86.21
2024-01-01,2777.78,2500.0,628.93,83.61
2024-01-02,2777.78,2500.0,628.93,83.61
2024-01-03,2777.78,2500.0,628.93,83.61
2024-01-04,2777.78,2500.0,628.93,83.61
2024-01-05,2777.78,2500.0,628.93,83.61
2024-01-06,2777.78,2500.0,628.93,83.61
2024-01-07,2777.78,2500.0,628.93,83.61
2024-01-08,2777.78,2500.0,628.93,83.61
2024-01-09,2777.78,2500.0,628.93,83.61
2024-01-10,2777.78,2500.0,628.93,83.61
2024-01-11,2777.78,2500.0,628.93,83.61
2024-01-12,2777.78,2500.0,628.93,83.61
2024-01-13,2777.78,2500.0,628.93,83.61
2024-01-14,2777.78,2500.0,628.93,83.61
2024-01-15,2777.78,2500.0,628.93,83.61
2024-01-16,2777.78,2500.0,628.93,83.61
2024-01-17,2777.78,2500.0,628.93,83.61
2024-01-18,2777.78,2500.0,628.93,83.61
2024-01-19,2777.78,2500.0,628.93,83.61
2024-01-20,2777.78,2500.0,628.93,83.61
2024-01-21,2777.78,2500.0,628.93,83.61
2024-01-22,2777.78,2500.0,628.93,83.61
2024-01-23,2777.78,2500.0,628.93,83.61
2024-01-24,2777.78,2500.0,628.93,83.61
2024-01-25,2777.78,2500.0,628.93,83.61
2024-01-26,2777.78,2500.0,628.93,83.61
2024-01-27,2777.78,2500.0,628.93,83.61
2024-01-28,2777.78,2500.0,628.93,83.61
2024-01-29,2777.78,2500.0,628.93,83.61
2024-01-30,2777.78,2500.0,628.93,83.61
2024-01-31,2777.78,2500.0,628.93,83.61
2024-02-01,2702.7,2564.1,632.91,82.37
2024-02-02,2702.7,2564.1,632.91,82.37
2024-02-03,2702.7,2564.1,632.91,82.37
2024-02-04,2702.7,2564.1,632.91,82.37
2024-02-05,2702.7,2564.1,632.91,82.37
2024-02-06,2702.7,2564.1,632.91,82.37
2024-02-07,2702.7,2564.1,632.91,82.37
2024-02-08,2702.7,2564.1,632.91,82.37
2024-02-09,2702.7,2564.1,632.91,82.37
2024-02-10,2702.7,2564.1,632.91,82.37
2024-02-11,2702.7,2564.1,632.91,82.37
2024-02-12,2702.7,2564.1,632.91,82.37
2024-02-13,2702.7,2564.1,632.91,82.37
2024-02-14,2702.7,2564.1,632.91,82.37
2024-02-15,2702.7,2564.1,632.91,82.37
2024-02-16,2702.7,2564.1,632.91,82.37
2024-02-17,2702.7,2564.1,632.91,82.37
2024-02-18,2702.7,2564.1,632.91,82.37
2024-02-19,2702.7,2564.1,632.91,82.37
2024-02-20,2702.7,2564.1,632.91,82.37
2024-02-21,2702.7,2564.1,632.91,82.37
2024-02-22,2702.7,2564.1,632.91,82.37
2024-02-23,2702.7,2564.1,632.91,82.37
2024-02-24,2702.7,2564.1,632.91,82.37
2024-02-25,2702.7,2564.1,632.91,82.37
2024-02-26,2702.7,2564.1,632.91,82.37
2024-02-27,2702.7,2564.1,632.91,82.37
2024-02-28,2702.7,2564.1,632.91,82.37
2024-02-29,2702.7,2564.1,632.91,82.37
2024-03-01,2777.78,2564.1,645.16,79.68
2024-03-02,2777.78,2564.1,645.16,79.68
2024-03-03,2777.78,2564.1,645.16,79.68
2024-03-04,2777.78,2564.1,645.16,79.68
2024-03-05,2777.78,2564.1,645.16,79.68
2024-03-06,2777.78,2564.1,645.16,79.68
2024-03-07,2777.78,2564.1,645.16,79.68
2024-03-08,2777.78,2564.1,645.16,79.68
2024-03-09,2777.78,2564.1,645.16,79.68
2024-03-10,2777.78,2564.1,645.16,79.68
2024-03-11,2777.78,2564.1,645.16,79.68
2024-03-12,2777.78,2564.1,645.16,79.68
2024-03-13,2777.78,2564.1,645.16,79.68
2024-03-14,2777.78,2564.1,645.16,79.68
2024-03-15,2777.78,2564.1,645.16,79.68
2024-03-16,2777.78,2564.1,645.16,79.68
2024-03-17,2777.78,2564.1,645.16,79.68
2024-03-18,2777.78,2564.1,645.16,79.68
2024-03-19,2777.78,2564.1,645.16,79.68
2024-03-20,2777.78,2564.1,645.16,79.68
2024-03-21,2777.78,2564.1,645.16,79.68
2024-03-22,2777.78,2564.1,645.16,79.68
2024-03-23,2777.78,2564.1,645.16,79.68
2024-03-24,2777.78,2564.1,645.16,79.68
2024-03-25,2777.78,2564.1,645.16,79.68
2024-03-26,2777.78,2564.1,645.16,79.68
2024-03-27,2777.78,2564.1,645.16,79.68
2024-03-28,2777.78,2564.1,645.16,79.68
2024-03-29,2777.78,2564.1,645.16,79.68
2024-03-30,2777.78,2564.1,645.16,79.68
2024-03-31,2777.78,2564.1,645.16,79.68
2024-04-01,2777.78,2564.1,645.16,79.87
2024-04-02,2777.78,2564.1,645.16,79.87
2024-04-03,2777.78,2564.1,645.16,79.87
2024-04-04,2777.78,2564.1,645.16,79.87
2024-04-05,2777.78,2564.1,645.16,79.87
2024-04-06,2777.78,2564.1,645.16,79.87
2024-04-07,2777.78,2564.1,645.16,79.87
2024-04-08,2777.78,2564.1,645.16,79.87
2024-04-09,2777.78,2564.1,645.16,79.87
2024-04-10,2777.78,2564.1,645.16,79.87
2024-04-11,2777.78,2564.1,645.16,79.87
2024-04-12,2777.78,2564.1,645.16,79.87
2024-04-13,2777.78,2564.1,645.16,79.87
2024-04-14,2777.78,2564.1,645.16,79.87
2024-04-15,2777.78,2564.1,645.16,79.87
2024-04-16,2777.78,2564.1,645.16,79.87
2024-04-17,2777.78,2564.1,645.16,79.87
2024-04-18,2777.78,2564.1,645.16,79.87
2024-04-19,2777.78,2564.1,645.16,79.87
2024-04-20,2777.78,2564.1,645.16,79.87
2024-04-21,2777.78,2564.1,645.16,79.87
2024-04-22,2777.78,2564.1,645.16,79.87
2024-04-23,2777.78,2564.1,645.16,79.87
2024-04-24,2777.78,2564.1,645.16,79.87
2024-04-25,2777.78,2564.1,645.16,79.87
2024-04-26,2777.78,2564.1,645.16,79.87
2024-04-27,2777.78,2564.1,645.16,79.87
2024-04-28,2777.78,2564.1,645.16,79.87
2024-04-29,2777.78,2564.1,645.16,79.87
2024-04-30,2777.78,2564.1,645.16,79.87
2024-05-01,2777.78,2564.1,657.89,80.65
2024-05-02,2777.78,2564.1,657.89,80.65
2024-05-03,2777.78,2564.1,657.89,80.65
2024-05-04,2777.78,2564.1,657.89,80.65
2024-05-05,2777.78,2564.1,657.89,80.65
2024-05-06,2777.78,2564.1,657.89,80.65
2024-05-07,2777.78,2564.1,657.89,80.65
2024-05-08,2777.78,2564.1,657.89,80.65
2024-05-09,2777.78,2564.1,657.89,80.65
2024-05-10,2777.78,2564.1,657.89,80.65
2024-05-11,2777.78,2564.1,657.89,80.65
2024-05-12,2777.78,2564.1,657.89,80.65
2024-05-13,2777.78,2564.1,657.89,80.65
2024-05-14,2777.78,2564.1,657.89,80.65
2024-05-15,2777.78,2564.1,657.89,80.65
2024-05-16,2777.78,2564.1,657.89,80.65
2024-05-17,2777.78,2564.1,657.89,80.65
2024-05-18,2777.78,2564.1,657.89,80.65
2024-05-19,2777.78,2564.1,657.89,80.65
2024-05-20,2777.78,2564.1,657.89,80.65
2024-05-21,2777.78,2564.1,657.89,80.65
2024-05-22,2777.78,2564.1,657.89,80.65
2024-05-23,2777.78,2564.1,657.89,80.65
2024-05-24,2777.78,2564.1,657.89,80.65
2024-05-25,2777.78,2564.1,657.89,80.65
2024-05-26,2777.78,2564.1,657.89,80.65
2024-05-27,2777.78,2564.1,657.89,80.65
2024-05-28,2777.78,2564.1,657.89,80.65
2024-05-29,2777.78,2564.1,657.89,80.65
2024-05-30,2777.78,2564.1,657.89,80.65
2024-05-31,2777.78,2564.1,657.89,80.65
2024-06-01,2777.78,2631.58,649.35,80.32
2024-06-02,2777.78,2631.58,649.35,80.32
2024-06-03,2777.78,2631.58,649.35,80.32
2024-06-04,2777.78,2631.58,649.35,80.32
2024-06-05,2777.78,2631.58,649.35,80.32
2024-06-06,2777.78,2631.58,649.35,80.32
2024-06-07,2777.78,2631.58,649.35,80.32
2024-06-08,2777.78,2631.58,649.35,80.32
2024-06-09,2777.78,2631.58,649.35,80.32
2024-06-10,2777.78,2631.58,649.35,80.32
2024-06-11,2777.78,2631.58,649.35,80.32
2024-06-12,2777.78,2631.58,649.35,80.32
2024-06-13,2777.78,2631.58,649.35,80.32
2024-06-14,2777.78,2631.58,649.35,80.32
2024-06-15,2777.78,2631.58,649.35,80.32
2024-06-16,2777.78,2631.58,649.35,80.32
2024-06-17,2777.78,2631.58,649.35,80.32
2024-06-18,2777.78,2631.58,649.35,80.32
2024-06-19,2777.78,2631.58,649.35,80.32
2024-06-20,2777.78,2631.58,649.35,80.32
2024-06-21,2777.78,2631.58,649.35,80.32
2024-06-22,2777.78,2631.58,649.35,80.32
2024-06-23,2777.78,2631.58,649.35,80.32
2024-06-24,2777.78,2631.58,649.35,80.32
2024-06-25,2777.78,2631.58,649.35,80.32
2024-06-26,2777.78,2631.58,649.35,80.32
2024-06-27,2777.78,2631.58,649.35,80.32
2024-06-28,2777.78,2631.58,649.35,80.32
2024-06-29,2777.78,2631.58,649.35,80.32
2024-06-30,2777.78,2631.58,649.35,80.32
2024-07-01,2857.14,2631.58,675.68,80.97
2024-07-02,2857.14,2631.58,675.68,80.97
2024-07-03,2857.14,2631.58,675.68,80.97
2024-07-04,2857.14,2631.58,675.68,80.97
2024-07-05,2857.14,2631.58,675.68,80.97
2024-07-06,2857.14,2631.58,675.68,80.97
2024-07-07,2857.14,2631.58,675.68,80.97
2024-07-08,2857.14,2631.58,675.68,80.97
2024-07-09,2857.14,2631.58,675.68,80.97
2024-07-10,2857.14,2631.58,675.68,80.97
2024-07-11,2857.14,2631.58,675.68,80.97
2024-07-12,2857.14,2631.58,675.68,80.97
2024-07-13,2857.14,2631.58,675.68,80.97
2024-07-14,2857.14,2631.58,675.68,80.97
2024-07-15,2857.14,2631.58,675.68,80.97
2024-07-16,2857.14,2631.58,675.68,80.97
2024-07-17,2857.14,2631.58,675.68,80.97
2024-07-18,2857.14,2631.58,675.68,80.97
2024-07-19,2857.14,2631.58,675.68,80.97
2024-07-20,2857.14,2631.58,675.68,80.97
2024-07-21,2857.14,2631.58,675.68,80.97
2024-07-22,2857.14,2631.58,675.68,80.97
2024-07-23,2857.14,2631.58,675.68,80.97
2024-07-24,2857.14,2631.58,675.68,80.97
2024-07-25,2857.14,2631.58,675.68,80.97
2024-07-26,2857.14,2631.58,675.68,80.97
2024-07-27,2857.14,2631.58,675.68,80.97
2024-07-28,2857.14,2631.58,675.68,80.97
2024-07-29,2857.14,2631.58,675.68,80.97
2024-07-30,2857.14,2631.58,675.68,80.97
2024-07-31,2857.14,2631.58,675.68,80.97
2024-08-01,2941.18,2702.7,694.44,80.39
2024-08-02,2941.18,2702.7,694.44,80.39
2024-08-03,2941.18,2702.7,694.44,80.39
2024-08-04,2941.18,2702.7,694.44,80.39
2024-08-05,2941.18,2702.7,694.44,80.39
2024-08-06,2941.18,2702.7,694.44,80.39
2024-08-07,2941.18,2702.7,694.44,80.39
2024-08-08,2941.18,2702.7,694.44,80.39
2024-08-09,2941.18,2702.7,694.44,80.39
2024-08-10,2941.18,2702.7,694.44,80.39
2024-08-11,2941.18,2702.7,694.44,80.39
2024-08-12,2941.18,2702.7,694.44,80.39
2024-08-13,2941.18,2702.7,694.44,80.39
2024-08-14,2941.18,2702.7,694.44,80.39
2024-08-15,2941.18,2702.7,694.44,80.39
2024-08-16,2941.18,2702.7,694.44,80.39
2024-08-17,2941.18,2702.7,694.44,80.39
2024-08-18,2941.18,2702.7,694.44,80.39
2024-08-19,2941.18,2702.7,694.44,80.39
2024-08-20,2941.18,2702.7,694.44,80.39
2024-08-21,2941.18,2702.7,694.44,80.39
2024-08-22,2941.18,2702.7,694.44,80.39
2024-08-23,2941.18,2702.7,694.44,80.39
2024-08-24,2941.18,2702.7,694.44,80.39
2024-08-25,2941.18,2702.7,694.44,80.39
2024-08-26,2941.18,2702.7,694.44,80.39
2024-08-27,2941.18,2702.7,694.44,80.39
2024-08-28,2941.18,2702.7,694.44,80.39
2024-08-29,2941.18,2702.7,694.44,80.39
2024-08-30,2941.18,2702.7,694.44,80.39
2024-08-31,2941.18,2702.7,694.44,80.39
2024-09-01,3030.3,2702.7,709.22,79.94
2024-09-02,3030.3,2702.7,709.22,79.94
2024-09-03,3030.3,2702.7,709.22,79.94
2024-09-04,3030.3,2702.7,709.22,79.94
2024-09-05,3030.3,2702.7,709.22,79.94
2024-09-06,3030.3,2702.7,709.22,79.94
2024-09-07,3030.3,2702.7,709.22,79.94
2024-09-08,3030.3,2702.7,709.22,79.94
2024-09-09,3030.3,2702.7,709.22,79.94
2024-09-10,3030.3,2702.7,709.22,79.94
2024-09-11,3030.3,2702.7,709.22,79.94
2024-09-12,3030.3,2702.7,709.22,79.94
2024-09-13,3030.3,2702.7,709.22,79.94
2024-09-14,3030.3,2702.7,709.22,79.94
2024-09-15,3030.3,2702.7,709.22,79.94
2024-09-16,3030.3,2702.7,709.22,79.94
2024-09-17,3030.3,2702.7,709.22,79.94
2024-09-18,3030.3,2702.7,709.22,79.94
2024-09-19,3030.3,2702.7,709.22,79.94
2024-09-20,3030.3,2702.7,709.22,79.94
2024-09-21,3030.3,2702.7,709.22,79.94
2024-09-22,3030.3,2702.7,709.22,79.94
2024-09-23,3030.3,2702.7,709.22,79.94
2024-09-24,3030.3,2702.7,709.22,79.94
2024-09-25,3030.3,2702.7,709.22,79.94
2024-09-26,3030.3,2702.7,709.22,79.94
2024-09-27,3030.3,2702.7,709.22,79.94
2024-09-28,3030.3,2702.7,709.22,79.94
2024-09-29,3030.3,2702.7,709.22,79.94
2024-09-30,3030.3,2702.7,709.22,79.94
2024-10-01,2941.18,2702.7,689.66,79.55
2024-10-02,2941.18,2702.7,689.66,79.55
2024-10-03,2941.18,2702.7,689.66,79.55
2024-10-04,2941.18,2702.7,689.66,79.55
2024-10-05,2941.18,2702.7,689.66,79.55
2024-10-06,2941.18,2702.7,689.66,79.55
2024-10-07,2941.18,2702.7,689.66,79.55
2024-10-08,2941.18,2702.7,689.66,79.55
2024-10-09,2941.18,2702.7,689.66,79.55
2024-10-10,2941.18,2702.7,689.66,79.55
2024-10-11,2941.18,2702.7,689.66,79.55
2024-10-12,2941.18,2702.7,689.66,79.55
2024-10-13,2941.18,2702.7,689.66,79.55
2024-10-14,2941.18,2702.7,689.66,79.55
2024-10-15,2941.18,2702.7,689.66,79.55
2024-10-16,2941.18,2702.7,689.66,79.55
2024-10-17,2941.18,2702.7,689.66,79.55
2024-10-18,2941.18,2702.7,689.66,79.55
2024-10-19,2941.18,2702.7,689.66,79.55
2024-10-20,2941.18,2702.7,689.66,79.55
2024-10-21,2941.18,2702.7,689.66,79.55
2024-10-22,2941.18,2702.7,689.66,79.55
2024-10-23,2941.18,2702.7,689.66,79.55
2024-10-24,2941.18,2702.7,689.66,79.55
2024-10-25,2941.18,2702.7,689.66,79.55
2024-10-26,2941.18,2702.7,689.66,79.55
2024-10-27,2941.18,2702.7,689.66,79.55
2024-10-28,2941.18,2702.7,689.66,79.55
2024-10-29,2941.18,2702.7,689.66,79.55
2024-10-30,2941.18,2702.7,689.66,79.55
2024-10-31,2941.18,2702.7,689.66,79.55
2024-11-01,2857.14,2631.58,653.59,77.46
2024-11-02,2857.14,2631.58,653.59,77.46
2024-11-03,2857.14,2631.58,653.59,77.46
2024-11-04,2857.14,2631.58,653.59,77.46
2024-11-05,2857.14,2631.58,653.59,77.46
2024-11-06,2857.14,2631.58,653.59,77.46
2024-11-07,2857.14,2631.58,653.59,77.46
2024-11-08,2857.14,2631.58,653.59,77.46
2024-11-09,2857.14,2631.58,653.59,77.46
2024-11-10,2857.14,2631.58,653.59,77.46
2024-11-11,2857.14,2631.58,653.59,77.46
2024-11-12,2857.14,2631.58,653.59,77.46
2024-11-13,2857.14,2631.58,653.59,77.46
2024-11-14,2857.14,2631.58,653.59,77.46
2024-11-15,2857.14,2631.58,653.59,77.46
2024-11-16,2857.14,2631.58,653.59,77.46
2024-11-17,2857.14,2631.58,653.59,77.46
2024-11-18,2857.14,2631.58,653.59,77.46
2024-11-19,2857.14,2631.58,653.59,77.46
2024-11-20,2857.14,2631.58,653.59,77.46
2024-11-21,2857.14,2631.58,653.59,77.46
2024-11-22,2857.14,2631.58,653.59,77.46
2024-11-23,2857.14,2631.58,653.59,77.46
2024-11-24,2857.14,2631.58,653.59,77.46
2024-11-25,2857.14,2631.58,653.59,77.46
2024-11-26,2857.14,2631.58,653.59,77.46
2024-11-27,2857.14,2631.58,653.59,77.46
2024-11-28,2857.14,2631.58,653.59,77.46
2024-11-29,2857.14,2631.58,653.59,77.46
2024-11-30,2857.14,2631.58,653.59,77.46
2024-12-01,2564.1,2439.02,602.41,70.37
2024-12-02,2564.1,2439.02,602.41,70.37
2024-12-03,2564.1,2439.02,602.41,70.37
2024-12-04,2564.1,2439.02,602.41,70.37
2024-12-05,2564.1,2439.02,602.41,70.37
2024-12-06,2564.1,2439.02,602.41,70.37
2024-12-07,2564.1,2439.02,602.41,70.37
2024-12-08,2564.1,2439.02,602.41,70.37
2024-12-09,2564.1,2439.02,602.41,70.37
2024-12-10,2564.1,2439.02,602.41,70.37
2024-12-11,2564.1,2439.02,602.41,70.37
2024-12-12,2564.1,2439.02,602.41,70.37
2024-12-13,2564.1,2439.02,602.41,70.37
2024-12-14,2564.1,2439.02,602.41,70.37
2024-12-15,2564.1,2439.02,602.41,70.37
2024-12-16,2564.1,2439.02,602.41,70.37
2024-12-17,2564.1,2439.02,602.41,70.37
2024-12-18,2564.1,2439.02,602.41,70.37
2024-12-19,2564.1,2439.02,602.41,70.37
2024-12-20,2564.1,2439.02,602.41,70.37
2024-12-21,2564.1,2439.02,602.41,70.37
2024-12-22,2564.1,2439.02,602.41,70.37
2024-12-23,2564.1,2439.02,602.41,70.37
2024-12-24,2564.1,2439.02,602.41,70.37
2024-12-25,2564.1,2439.02,602.41,70.37
2024-12-26,2564.1,2439.02,602.41,70.37
2024-12-27,2564.1,2439.02,602.41,70.37
2024-12-28,2564.1,2439.02,602.41,70.37
2024-12-29,2564.1,2439.02,602.41,70.37
2024-12-30,2564.1,2439.02,602.41,70.37
2024-12-31,2564.1,2439.02,602.41,70.37
2025-01-01,2564.1,2500.0,609.76,70.47
2025-01-02,2564.1,2500.0,609.76,70.47
2025-01-03,2564.1,2500.0,609.76,70.47
2025-01-04,2564.1,2500.0,609.76,70.47
2025-01-05,2564.1,2500.0,609.76,70.47
2025-01-06,2564.1,2500.0,609.76,70.47
2025-01-07,2564.1,2500.0,609.76,70.47
2025-01-08,2564.1,2500.0,609.76,70.47
2025-01-09,2564.1,2500.0,609.76,70.47
2025-01-10,2564.1,2500.0,609.76,70.47
2025-01-11,2564.1,2500.0,609.76,70.47
2025-01-12,2564.1,2500.0,609.76,70.47
2025-01-13,2564.1,2500.0,609.76,70.47
2025-01-14,2564.1,2500.0,609.76,70.47
2025-01-15,2564.1,2500.0,609.76,70.47
2025-01-16,2564.1,2500.0,609.76,70.47
2025-01-17,2564.1,2500.0,609.76,70.47
2025-01-18,2564.1,2500.0,609.76,70.47
2025-01-19,2564.1,2500.0,609.76,70.47
2025-01-20,2564.1,2500.0,609.76,70.47
2025-01-21,2564.1,2500.0,609.76,70.47
2025-01-22,2564.1,2500.0,609.76,70.47
2025-01-23,2564.1,2500.0,609.76,70.47
2025-01-24,2564.1,2500.0,609.76,70.47
2025-01-25,2564.1,2500.0,609.76,70.47
2025-01-26,2564.1,2500.0,609.76,70.47
2025-01-27,2564.1,2500.0,609.76,70.47
2025-01-28,2564.1,2500.0,609.76,70.47
2025-01-29,2564.1,2500.0,609.76,70.47
2025-01-30,2564.1,2500.0,609.76,70.47
2025-01-31,2564.1,2500.0,609.76,70.47
2025-02-01,2702.7,2564.1,645.16,71.33
2025-02-02,2702.7,2564.1,645.16,71.33
2025-02-03,2702.7,2564.1,645.16,71.33
2025-02-04,2702.7,2564.1,645.16,71.33
2025-02-05,2702.7,2564.1,645.16,71.33
2025-02-06,2702.7,2564.1,645.16,71.33
2025-02-07,2702.7,2564.1,645.16,71.33
2025-02-08,2702.7,2564.1,645.16,71.33
2025-02-09,2702.7,2564.1,645.16,71.33
2025-02-10,2702.7,2564.1,645.16,71.33
2025-02-11,2702.7,2564.1,645.16,71.33
2025-02-12,2702.7,2564.1,645.16,71.33
2025-02-13,2702.7,2564.1,645.16,71.33
2025-02-14,2702.7,2564.1,645.16,71.33
2025-02-15,2702.7,2564.1,645.16,71.33
2025-02-16,2702.7,2564.1,645.16,71.33
2025-02-17,2702.7,2564.1,645.16,71.33
2025-02-18,2702.7,2564.1,645.16,71.33
2025-02-19,2702.7,2564.1,645.16,71.33
2025-02-20,2702.7,2564.1,645.16,71.33
2025-02-21,2702.7,2564.1,645.16,71.33
2025-02-22,2702.7,2564.1,645.16,71.33
2025-02-23,2702.7,2564.1,645.16,71.33
2025-02-24,2702.7,2564.1,645.16,71.33
2025-02-25,2702.7,2564.1,645.16,71.33
2025-02-26,2702.7,2564.1,645.16,71.33
2025-02-27,2702.7,2564.1,645.16,71.33
2025-02-28,2702.7,2564.1,645.16,71.33
2025-03-01,2857.14,2631.58,680.27,70.97
2025-03-02,2857.14,2631.58,680.27,70.97
2025-03-03,2857.14,2631.58,680.27,70.97
2025-03-04,2857.14,2631.58,680.27,70.97
2025-03-05,2857.14,2631.58,680.27,70.97
2025-03-06,2857.14,2631.58,680.27,70.97
2025-03-07,2857.14,2631.58,680.27,70.97
2025-03-08,2857.14,2631.58,680.27,70.97
2025-03-09,2857.14,2631.58,680.27,70.97
2025-03-10,2857.14,2631.58,680.27,70.97
2025-03-11,2857.14,2631.58,680.27,70.97
2025-03-12,2857.14,2631.58,680.27,70.97
2025-03-13,2857.14,2631.58,680.27,70.97
2025-03-14,2857.14,2631.58,680.27,70.97
2025-03-15,2857.14,2631.58,680.27,70.97
2025-03-16,2857.14,2631.58,680.27,70.97
2025-03-17,2857.14,2631.58,680.27,70.97
2025-03-18,2857.14,2631.58,680.27,70.97
2025-03-19,2857.14,2631.58,680.27,70.97
2025-03-20,2857.14,2631.58,680.27,70.97
2025-03-21,2857.14,2631.58,680.27,70.97
2025-03-22,2857.14,2631.58,680.27,70.97
2025-03-23,2857.14,2631.58,680.27,70.97
2025-03-24,2857.14,2631.58,680.27,70.97
2025-03-25,2857.14,2631.58,680.27,70.97
2025-03-26,2857.14,2631.58,680.27,70.97
2025-03-27,2857.14,2631.58,680.27,70.97
2025-03-28,2857.14,2631.58,680.27,70.97
2025-03-29,2857.14,2631.58,680.27,70.97
2025-03-30,2857.14,2631.58,680.27,70.97
2025-03-31,2857.14,2631.58,680.27,70.97
2025-04-01,3030.3,2702.7,704.23,70.03
2025-04-02,3030.3,2702.7,704.23,70.03
2025-04-03,3030.3,2702.7,704.23,70.03
2025-04-04,3030.3,2702.7,704.23,70.03
2025-04-05,3030.3,2702.7,704.23,70.03
2025-04-06,3030.3,2702.7,704.23,70.03
2025-04-07,3030.3,2702.7,704.23,70.03
2025-04-08,3030.3,2702.7,704.23,70.03
2025-04-09,3030.3,2702.7,704.23,70.03
2025-04-10,3030.3,2702.7,704.23,70.03
2025-04-11,3030.3,2702.7,704.23,70.03
2025-04-12,3030.3,2702.7,704.23,70.03
2025-04-13,3030.3,2702.7,704.23,70.03
2025-04-14,3030.3,2702.7,704.23,70.03
2025-04-15,3030.3,2702.7,704.23,70.03
2025-04-16,3030.3,2702.7,704.23,70.03
2025-04-17,3030.3,2702.7,704.23,70.03
2025-04-18,3030.3,2702.7,704.23,70.03
2025-04-19,3030.3,2702.7,704.23,70.03
2025-04-20,3030.3,2702.7,704.23,70.03
2025-04-21,3030.3,2702.7,704.23,70.03
2025-04-22,3030.3,2702.7,704.23,70.03
2025-04-23,3030.3,2702.7,704.23,70.03
2025-04-24,3030.3,2702.7,704.23,70.03
2025-04-25,3030.3,2702.7,704.23,70.03
2025-04-26,3030.3,2702.7,704.23,70.03
2025-04-27,3030.3,2702.7,704.23,70.03
2025-04-28,3030.3,2702.7,704.23,70.03
2025-04-29,3030.3,2702.7,704.23,70.03
2025-04-30,3030.3,2702.7,704.23,70.03
2025-05-01,3030.3,2702.7,714.29,69.44
2025-05-02,3030.3,2702.7,714.29,69.44
2025-05-03,3030.3,2702.7,714.29,69.44
2025-05-04,3030.3,2702.7,714.29,69.44
2025-05-05,3030.3,2702.7,714.29,69.44
2025-05-06,3030.3,2702.7,714.29,69.44
2025-05-07,3030.3,2702.7,714.29,69.44
2025-05-08,3030.3,2702.7,714.29,69.44
2025-05-09,3030.3,2702.7,714.29,69.44
2025-05-10,3030.3,2702.7,714.29,69.44
2025-05-11,3030.3,2702.7,714.29,69.44
2025-05-12,3030.3,2702.7,714.29,69.44
2025-05-13,3030.3,2702.7,714.29,69.44
2025-05-14,3030.3,2702.7,714.29,69.44
2025-05-15,3030.3,2702.7,714.29,69.44
2025-05-16,3030.3,2702.7,714.29,69.44
2025-05-17,3030.3,2702.7,714.29,69.44
2025-05-18,3030.3,2702.7,714.29,69.44
2025-05-19,3030.3,2702.7,714.29,69.44
2025-05-20,3030.3,2702.7,714.29,69.44
2025-05-21,3030.3,2702.7,714.29,69.44
2025-05-22,3030.3,2702.7,714.29,69.44
2025-05-23,3030.3,2702.7,714.29,69.44
2025-05-24,3030.3,2702.7,714.29,69.44
2025-05-25,3030.3,2702.7,714.29,69.44
2025-05-26,3030.3,2702.7,714.29,69.44
2025-05-27,3030.3,2702.7,714.29,69.44
2025-05-28,3030.3,2702.7,714.29,69.44
2025-05-29,3030.3,2702.7,714.29,69.44
2025-05-30,3030.3,2702.7,714.29,69.44
2025-05-31,3030.3,2702.7,714.29,69.44
2025-06-01,3030.3,2631.58,714.29,66.58
2025-06-02,3030.3,2631.58,714.29,66.58
2025-06-03,3030.3,2631.58,714.29,66.58
2025-06-04,3030.3,2631.58,714.29,66.58
2025-06-05,3030.3,2631.58,714.29,66.58
2025-06-06,3030.3,2631.58,714.29,66.58
2025-06-07,3030.3,2631.58,714.29,66.58
2025-06-08,3030.3,2631.58,714.29,66.58
2025-06-09,3030.3,2631.58,714.29,66.58
2025-06-10,3030.3,2631.58,714.29,66.58
2025-06-11,3030.3,2631.58,714.29,66.58
2025-06-12,3030.3,2631.58,714.29,66.58
2025-06-13,3030.3,2631.58,714.29,66.58
2025-06-14,3030.3,2631.58,714.29,66.58
2025-06-15,3030.3,2631.58,714.29,66.58
2025-06-16,3030.3,2631.58,714.29,66.58
2025-06-17,3030.3,2631.58,714.29,66.58
2025-06-18,3030.3,2631.58,714.29,66.58
2025-06-19,3030.3,2631.58,714.29,66.58
2025-06-20,3030.3,2631.58,714.29,66.58
2025-06-21,3030.3,2631.58,714.29,66.58
2025-06-22,3030.3,2631.58,714.29,66.58
2025-06-23,3030.3,2631.58,714.29,66.58
2025-06-24,3030.3,2631.58,714.29,66.58
2025-06-25,3030.3,2631.58,714.29,66.58
2025-06-26,3030.3,2631.58,714.29,66.58
2025-06-27,3030.3,2631.58,714.29,66.58
2025-06-28,3030.3,2631.58,714.29,66.58
2025-06-29,3030.3,2631.58,714.29,66.58
2025-06-30,3030.3,2631.58,714.29,66.58
2025-07-01,3030.3,2631.58,714.29,64.52
2025-07-02,3030.3,2631.58,714.29,64.52
2025-07-03,3030.3,2631.58,714.29,64.52
2025-07-04,3030.3,2631.58,714.29,64.52
2025-07-05,3030.3,2631.58,714.29,64.52
2025-07-06,3030.3,2631.58,714.29,64.52
2025-07-07,3030.3,2631.58,714.29,64.52
2025-07-08,3030.3,2631.58,714.29,64.52
2025-07-09,3030.3,2631.58,714.29,64.52
2025-07-10,3030.3,2631.58,714.29,64.52
2025-07-11,3030.3,2631.58,714.29,64.52
2025-07-12,3030.3,2631.58,714.29,64.52
2025-07-13,3030.3,2631.58,714.29,64.52
2025-07-14,3030.3,2631.58,714.29,64.52
2025-07-15,3030.3,2631.58,714.29,64.52
2025-07-16,3030.3,2631.58,714.29,64.52
2025-07-17,3030.3,2631.58,714.29,64.52
2025-07-18,3030.3,2631.58,714.29,64.52
2025-07-19,3030.3,2631.58,714.29,64.52
2025-07-20,3030.3,2631.58,714.29,64.52
2025-07-21,3030.3,2631.58,714.29,64.52
2025-07-22,3030.3,2631.58,714.29,64.52
2025-07-23,3030.3,2631.58,714.29,64.52
2025-07-24,3030.3,2631.58,714.29,64.52
2025-07-25,3030.3,2631.58,714.29,64.52
2025-07-26,3030.3,2631.58,714.29,64.52
2025-07-27,3030.3,2631.58,714.29,64.52
2025-07-28,3030.3,2631.58,714.29,64.52
2025-07-29,3030.3,2631.58,714.29,64.52
2025-07-30,3030.3,2631.58,714.29,64.52
2025-07-31,3030.3,2631.58,714.29,64.52
2025-08-01,2941.18,2500.0,689.66,61.35
2025-08-02,2941.18,2500.0,689.66,61.35
2025-08-03,2941.18,2500.0,689.66,61.35
2025-08-04,2941.18,2500.0,689.66,61.35
2025-08-05,2941.18,2500.0,689.66,61.35
2025-08-06,2941.18,2500.0,689.66,61.35
2025-08-07,2941.18,2500.0,689.66,61.35
2025-08-08,2941.18,2500.0,689.66,61.35
2025-08-09,2941.18,2500.0,689.66,61.35
2025-08-10,2941.18,2500.0,689.66,61.35
2025-08-11,2941.18,2500.0,689.66,61.35
2025-08-12,2941.18,2500.0,689.66,61.35
2025-08-13,2941.18,2500.0,689.66,61.35
2025-08-14,2941.18,2500.0,689.66,61.35
2025-08-15,2941.18,2500.0,689.66,61.35
2025-08-16,2941.18,2500.0,689.66,61.35
2025-08-17,2941.18,2500.0,689.66,61.35
2025-08-18,2941.18,2500.0,689.66,61.35
2025-08-19,2941.18,2500.0,689.66,61.35
2025-08-20,2941.18,2500.0,689.66,61.35
2025-08-21,2941.18,2500.0,689.66,61.35
2025-08-22,2941.18,2500.0,689.66,61.35
2025-08-23,2941.18,2500.0,689.66,61.35
2025-08-24,2941.18,2500.0,689.66,61.35
2025-08-25,2941.18,2500.0,689.66,61.35
2025-08-26,2941.18,2500.0,689.66,61.35
2025-08-27,2941.18,2500.0,689.66,61.35
2025-08-28,2941.18,2500.0,689.66,61.35
2025-08-29,2941.18,2500.0,689.66,61.35
2025-08-30,2941.18,2500.0,689.66,61.35
2025-08-31,2941.18,2500.0,689.66,61.35
2025-09-01,2941.18,2500.0,684.93,59.81
2025-09-02,2941.18,2500.0,684.93,59.81
2025-09-03,2941.18,2500.0,684.93,59.81
2025-09-04,2941.18,2500.0,684.93,59.81
2025-09-05,2941.18,2500.0,684.93,59.81
2025-09-06,2941.18,2500.0,684.93,59.81
2025-09-07,2941.18,2500.0,684.93,59.81
2025-09-08,2941.18,2500.0,684.93,59.81
2025-09-09,2941.18,2500.0,684.93,59.81
2025-09-10,2941.18,2500.0,684.93,59.81
2025-09-11,2941.18,2500.0,684.93,59.81
2025-09-12,2941.18,2500.0,684.93,59.81
2025-09-13,2941.18,2500.0,684.93,59.81
2025-09-14,2941.18,2500.0,684.93,59.81
2025-09-15,2941.18,2500.0,684.93,59.81
2025-09-16,2941.18,2500.0,684.93,59.81
2025-09-17,2941.18,2500.0,684.93,59.81
2025-09-18,2941.18,2500.0,684.93,59.81
2025-09-19,2941.18,2500.0,684.93,59.81
2025-09-20,2941.18,2500.0,684.93,59.81
2025-09-21,2941.18,2500.0,684.93,59.81
2025-09-22,2941.18,2500.0,684.93,59.81
2025-09-23,2941.18,2500.0,684.93,59.81
2025-09-24,2941.18,2500.0,684.93,59.81
2025-09-25,2941.18,2500.0,684.93,59.81
2025-09-26,2941.18,2500.0,684.93,59.81
2025-09-27,2941.18,2500.0,684.93,59.81
2025-09-28,2941.18,2500.0,684.93,59.81
2025-09-29,2941.18,2500.0,684.93,59.81
2025-09-30,2941.18,2500.0,684.93,59.81
2025-10-01,2857.14,2439.02,675.68,58.65
2025-10-02,2857.14,2439.02,675.68,58.65
2025-10-03,2857.14,2439.02,675.68,58.65
2025-10-04,2857.14,2439.02,675.68,58.65
2025-10-05,2857.14,2439.02,675.68,58.65
2025-10-06,2857.14,2439.02,675.68,58.65
2025-10-07,2857.14,2439.02,675.68,58.65
2025-10-08,2857.14,2439.02,675.68,58.65
2025-10-09,2857.14,2439.02,675.68,58.65
2025-10-10,2857.14,2439.02,675.68,58.65
2025-10-11,2857.14,2439.02,675.68,58.65
2025-10-12,2857.14,2439.02,675.68,58.65
2025-10-13,2857.14,2439.02,675.68,58.65
2025-10-14,2857.14,2439.02,675.68,58.65
2025-10-15,2857.14,2439.02,675.68,58.65
2025-10-16,2857.14,2439.02,675.68,58.65
2025-10-17,2857.14,2439.02,675.68,58.65
2025-10-18,2857.14,2439.02,675.68,58.65
2025-10-19,2857.14,2439.02,675.68,58.65
2025-10-20,2857.14,2439.02,675.68,58.65
2025-10-21,2857.14,2439.02,675.68,58.65
2025-10-22,2857.14,2439.02,675.68,58.65
2025-10-23,2857.14,2439.02,675.68,58.65
2025-10-24,2857.14,2439.02,675.68,58.65
2025-10-25,2857.14,2439.02,675.68,58.65
2025-10-26,2857.14,2439.02,675.68,58.65
2025-10-27,2857.14,2439.02,675.68,58.65
2025-10-28,2857.14,2439.02,675.68,58.65
2025-10-29,2857.14,2439.02,675.68,58.65
2025-10-30,2857.14,2439.02,675.68,58.65
2025-10-31,2857.14,2439.02,675.68,58.65
2025-11-01,2857.14,2439.02,666.67,57.8
2025-11-02,2857.14,2439.02,666.67,57.8
2025-11-03,2857.14,2439.02,666.67,57.8
2025-11-04,2857.14,2439.02,666.67,57.8
2025-11-05,2857.14,2439.02,666.67,57.8
2025-11-06,2857.14,2439.02,666.67,57.8
2025-11-07,2857.14,2439.02,666.67,57.8
2025-11-08,2857.14,2439.02,666.67,57.8
2025-11-09,2857.14,2439.02,666.67,57.8
2025-11-10,2857.14,2439.02,666.67,57.8
2025-11-11,2857.14,2439.02,666.67,57.8
2025-11-12,2857.14,2439.02,666.67,57.8
2025-11-13,2857.14,2439.02,666.67,57.8
2025-11-14,2857.14,2439.02,666.67,57.8
2025-11-15,2857.14,2439.02,666.67,57.8
2025-11-16,2857.14,2439.02,666.67,57.8
2025-11-17,2857.14,2439.02,666.67,57.8
2025-11-18,2857.14,2439.02,666.67,57.8
2025-11-19,2857.14,2439.02,666.67,57.8
2025-11-20,2857.14,2439.02,666.67,57.8
2025-11-21,2857.14,2439.02,666.67,57.8
2025-11-22,2857.14,2439.02,666.67,57.8
2025-11-23,2857.14,2439.02,666.67,57.8
2025-11-24,2857.14,2439.02,666.67,57.8
2025-11-25,2857.14,2439.02,666.67,57.8
2025-11-26,2857.14,2439.02,666.67,57.8
2025-11-27,2857.14,2439.02,666.67,57.8
2025-11-28,2857.14,2439.02,666.67,57.8
2025-11-29,2857.14,2439.02,666.67,57.8
2025-11-30,2857.14,2439.02,666.67,57.8
2025-12-01,2857.14,2439.02,680.27,57.47
2025-12-02,2857.14,2439.02,680.27,57.47
2025-12-03,2857.14,2439.02,680.27,57.47
2025-12-04,2857.14,2439.02,680.27,57.47
2025-12-05,2857.14,2439.02,680.27,57.47
2025-12-06,2857.14,2439.02,680.27,57.47
2025-12-07,2857.14,2439.02,680.27,57.47
2025-12-08,2857.14,2439.02,680.27,57.47
2025-12-09,2857.14,2439.02,680.27,57.47
2025-12-10,2857.14,2439.02,680.27,57.47
2025-12-11,2857.14,2439.02,680.27,57.47
2025-12-12,2857.14,2439.02,680.27,57.47
2025-12-13,2857.14,2439.02,680.27,57.47
2025-12-14,2857.14,2439.02,680.27,57.47
2025-12-15,2857.14,2439.02,680.27,57.47
2025-12-16,2857.14,2439.02,680.27,57.47
2025-12-17,2857.14,2439.02,680.27,57.47
2025-12-18,2857.14,2439.02,680.27,57.47
2025-12-19,2857.14,2439.02,680.27,57.47
2025-12-20,2857.14,2439.02,680.27,57.47
2025-12-21,2857.14,2439.02,680.27,57.47
2025-12-22,2857.14,2439.02,680.27,57.47
2025-12-23,2857.14,2439.02,680.27,57.47
2025-12-24,2857.14,2439.02,680.27,57.47
2025-12-25,2857.14,2439.02,680.27,57.47
2025-12-26,2857.14,2439.02,680.27,57.47
2025-12-27,2857.14,2439.02,680.27,57.47
2025-12-28,2857.14,2439.02,680.27,57.47
2025-12-29,2857.14,2439.02,680.27,57.47
2025-12-30,2857.14,2439.02,680.27,57.47
2025-12-31,2857.14,2439.02,680.27,57.47
2026-01-01,2941.18,2500.0,699.3,57.77
2026-01-02,2941.18,2500.0,699.3,57.77
2026-01-03,2941.18,2500.0,699.3,57.77
2026-01-04,2941.18,2500.0,699.3,57.77
2026-01-05,2941.18,2500.0,699.3,57.77
2026-01-06,2941.18,2500.0,699.3,57.77
2026-01-07,2941.18,2500.0,699.3,57.77
2026-01-08,2941.18,2500.0,699.3,57.77
2026-01-09,2941.18,2500.0,699.3,57.77
2026-01-10,2941.18,2500.0,699.3,57.77
2026-01-11,2941.18,2500.0,699.3,57.77
2026-01-12,2941.18,2500.0,699.3,57.77
2026-01-13,2941.18,2500.0,699.3,57.77
2026-01-14,2941.18,2500.0,699.3,57.77
2026-01-15,2941.18,2500.0,699.3,57.77
2026-01-16,2941.18,2500.0,699.3,57.77
2026-01-17,2941.18,2500.0,699.3,57.77
2026-01-18,2941.18,2500.0,699.3,57.77
2026-01-19,2941.18,2500.0,699.3,57.77
2026-01-20,2941.18,2500.0,699.3,57.77
2026-01-21,2941.18,2500.0,699.3,57.77
2026-01-22,2941.18,2500.0,699.3,57.77
2026-01-23,2941.18,2500.0,699.3,57.77
2026-01-24,2941.18,2500.0,699.3,57.77
2026-01-25,2941.18,2500.0,699.3,57.77
2026-01-26,2941.18,2500.0,699.3,57.77
2026-01-27,2941.18,2500.0,699.3,57.77
2026-01-28,2941.18,2500.0,699.3,57.77
2026-01-29,2941.18,2500.0,699.3,57.77
2026-01-30,2941.18,2500.0,699.3,57.77
2026-01-31,2941.18,2500.0,699.3,57.77
2026-02-01,3030.3,2564.1,724.64,58.86
2026-02-02,3030.3,2564.1,724.64,58.86
2026-02-03,3030.3,2564.1,724.64,58.86
2026-02-04,3030.3,2564.1,724.64,58.86
2026-02-05,3030.3,2564.1,724.64,58.86
2026-02-06,3030.3,2564.1,724.64,58.86
2026-02-07,3030.3,2564.1,724.64,58.86
2026-02-08,3030.3,2564.1,724.64,58.86
2026-02-09,3030.3,2564.1,724.64,58.86
2026-02-10,3030.3,2564.1,724.64,58.86
2026-02-11,3030.3,2564.1,724.64,58.86
2026-02-12,3030.3,2564.1,724.64,58.86
2026-02-13,3030.3,2564.1,724.64,58.86
2026-02-14,3030.3,2564.1,724.64,58.86
2026-02-15,3030.3,2564.1,724.64,58.86
2026-02-16,3030.3,2564.1,724.64,58.86
2026-02-17,3030.3,2564.1,724.64,58.86
2026-02-18,3030.3,2564.1,724.64,58.86
2026-02-19,3030.3,2564.1,724.64,58.86
2026-02-20,3030.3,2564.1,724.64,58.86
2026-02-21,3030.3,2564.1,724.64,58.86
2026-02-22,3030.3,2564.1,724.64,58.86
2026-02-23,3030.3,2564.1,724.64,58.86
2026-02-24,3030.3,2564.1,724.64,58.86
2026-02-25,3030.3,2564.1,724.64,58.86
2026-02-26,3030.3,2564.1,724.64,58.86
2026-02-27,3030.3,2564.1,724.64,58.86
2026-02-28,3030.3,2564.1,724.64,58.86
2026-03-01,3030.3,2564.1,699.3,58.41
2026-03-02,3030.3,2564.1,699.3,58.41
2026-03-03,3030.3,2564.1,699.3,58.41
2026-03-04,3030.3,2564.1,699.3,58.41
2026-03-05,3030.3,2564.1,699.3,58.41
2026-03-06,3030.3,2564.1,699.3,58.41
2026-03-07,3030.3,2564.1,699.3,58.41
2026-03-08,3030.3,2564.1,699.3,58.41
2026-03-09,3030.3,2564.1,699.3,58.41
2026-03-10,3030.3,2564.1,699.3,58.41
2026-03-11,3030.3,2564.1,699.3,58.41
2026-03-12,3030.3,2564.1,699.3,58.41
2026-03-13,3030.3,2564.1,699.3,58.41
2026-03-14,3030.3,2564.1,699.3,58.41
2026-03-15,3030.3,2564.1,699.3,58.41
2026-03-16,3030.3,2564.1,699.3,58.41
2026-03-17,3030.3,2564.1,699.3,58.41
2026-03-18,3030.3,2564.1,699.3,58.41
2026-03-19,3030.3,2564.1,699.3,58.41
2026-03-20,3030.3,2564.1,699.3,58.41
2026-03-21,3030.3,2564.1,699.3,58.41
2026-03-22,3030.3,2564.1,699.3,58.41
2026-03-23,3030.3,2564.1,699.3,58.41
2026-03-24,3030.3,2564.1,699.3,58.41
2026-03-25,3030.3,2564.1,699.3,58.41
2026-03-26,3030.3,2564.1,699.3,58.41
2026-03-27,3030.3,2564.1,699.3,58.41
2026-03-28,3030.3,2564.1,699.3,58.41
2026-03-29,3030.3,2564.1,699.3,58.41
2026-03-30,3030.3,2564.1,699.3,58.41
2026-03-31,3030.3,2564.1,699.3,58.41
2026-04-01,3030.3,2564.1,709.22,58.24
2026-04-02,3030.3,2564.1,709.22,58.24
2026-04-03,3030.3,2564.1,709.22,58.24
2026-04-04,3030.3,2564.1,709.22,58.24
2026-04-05,3030.3,2564.1,709.22,58.24
2026-04-06,3030.3,2564.1,709.22,58.24
2026-04-07,3030.3,2564.1,709.22,58.24
2026-04-08,3030.3,2564.1,709.22,58.24
2026-04-09,3030.3,2564.1,709.22,58.24
2026-04-10,3030.3,2564.1,709.22,58.24
2026-04-11,3030.3,2564.1,709.22,58.24
2026-04-12,3030.3,2564.1,709.22,58.24
2026-04-13,3030.3,2564.1,709.22,58.24
2026-04-14,3046.39,2595.95,715.44,58.06
2026-04-15,3067.00,2599.91,722.80,58.12
2026-04-16,3065.31,2597.87,723.12,58.06
2026-04-17,3066.59,2603.61,723.34,58.10
2026-04-18,3071.65,2606.14,726.92,58.10
2026-04-20,3054.25,2599.47,722.30,57.94
2026-04-21,3067.02,2603.77,724.80,58.02
2026-04-24,3013.90,2577.87,710.24,57.36
2026-04-27,3046.78,2602.66,718.32,57.78
2026-04-28,3058.72,2607.95,720.54,57.90
2026-04-29,3056.53,2610.59,719.48,57.89
2026-04-30,3025.83,2588.84,711.13,57.36
2026-05-01,3056.19,2607.97,717.47,57.73
2026-05-02,3063.35,2612.79,720.83,57.89
2026-05-03,3064.10,2613.05,720.36,57.88
2026-05-04,3052.06,2600.67,718.67,57.58
2026-05-05,3021.01,2582.70,710.00,57.12
2026-05-06,3050.42,2606.09,717.79,57.60
2026-05-07,3061.50,2605.40,723.48,57.57
2026-05-08,3059.9375,2598.4524,723.0818,57.3522
2026-05-09,3061.19,2599.63,723.01,57.31
2026-05-10,3060.28,2599.33,722.93,57.29
2026-05-11,3055.35,2596.24,720.93,57.21
2026-05-12,3055.64,2596.22,721.36,57.20
2026-05-13,3051.22,2599.28,717.75,57.24
2026-05-14,3037.94,2593.46,715.02,57.05
2026-05-15,3030.01,2593.99,714.57,57.00
2026-05-16,3023.76,2599.99,712.47,57.07
2026-05-17,3029.65,2604.51,713.66,57.16
2026-05-18,3023.18,2601.65,711.93,57.11
2026-05-19,3002.72,2577.66,708.05,56.54
2026-05-20,2986.66,2572.10,703.14,56.42
2026-05-21,3014.09,2595.71,709.34,56.89
2026-05-22,3008.57,2591.27,708.92,56.74
2026-05-23,2999.03,2584.72,707.18,56.54
2026-05-24,2998.81,2584.86,707.13,56.55
2026-05-25,3031.15,2606.42,714.53,57.06
2026-05-26,3028.75,2602.02,715.74,56.74
2026-05-27,3010.73,2588.18,710.69,56.38
2026-05-28,3026.76,2602.25,714.81,56.70
2026-05-29,3052.08,2621.50,721.38,57.11
2026-05-30,3055.49,2620.50,722.29,57.08
2026-05-31,3054.27,2619.90,721.95,57.09
2026-06-01,3052.64,2619.57,721.51,57.07
2026-06-02,3045.08,2617.45,719.26,56.97
2026-06-03,3046.29,2619.31,719.64,56.99
2026-06-04,3038.94,2618.36,716.51,56.93
2026-06-05,3044.16,2619.59,718.39,56.90
2026-06-06,3027.43,2619.76,714.82,56.84
2026-06-07,3025.49,2616.09,714.09,56.76
2026-06-08,3024.26,2622.25,713.47,56.87
2026-06-09,3017.82,2617.19,711.73,56.75
2026-06-10,3022.54,2617.11,712.96,56.74
2026-06-11,3017.79,2615.23,710.61,56.65
2026-06-12,3020.45,2614.92,710.39,56.58
